OPERATOR,ATYPE,INCIDENT_DATE,STATE,AIRPORT,PHASE_OF_FLT,HEIGHT,SPEED,SPECIES,BIRDS_STRUCK,EFFECT,DAMAGE,COST_REPAIRS,PERSON,REMAINS_COLLECTED,REMARKS
BUSINESS,PA-28,05/22/15 00:00:00,FL,VERO BEACH MUNICIPAL,APPROACH,,,Unknown bird,1,NONE,M,,Tower,0,"N9240F was right base to final on Runway 4, and he reported a bird strike to the left wing.  He did not need any assistance.  He landed and taxied to the ramp, and said there was only minor damage done to the left wing."
BUSINESS,BE-1900,06/18/15 00:00:00,AK,KENAI MUNICIPAL ARPT,APPROACH,,,Unknown bird,1,NONE,M,,Tower,0,"ON FINAL, PILOT REPORTED HEARING IMPACT. AFTER LANDING AND INSPECTING AIRCRAFT, PILOT DISCOVERED DENT IN TIRE BOOT. UPON RUNWAY INSPECTION A BIRD CARCASS WAS FOUND ON RUNWAY NORTH OF TAXIWAY DELTA."
BUSINESS,PA-46 MALIBU,09/20/15 00:00:00,TX,DAVID WAYNE HOOKS MEMORIAL ARPT,,,,Unknown bird,1,NONE,M,,Tower,0,"N952G, P46T/G, bird strike, no injuries reported, damage to vortex generator, pilot's name is Robert Nipper, 713-539-0797."
DELTA AIR LINES,B-717-200,11/07/15 00:00:00,MO,LAMBERT-ST LOUIS INTL,APPROACH,,,Unknown bird,1,NONE,M,,Tower,0,NO EMERGENCY: AFTER THE AIRCRAFT WAS AT THE GATE THE PILOT OF DAL939 ADVISED THAT THEY HAD A BIRD STRIKE ON A 2 MILE FINAL TO RWY30R. A BIRD STRUCK THE RIGHT WING AND THE LANDING LIGHT. THE LANDING LIGHT WAS SHATTERED AND THERE WAS NO DAMAGE ON THE RIGHT 
BUSINESS,BE-90 KING,12/17/15 00:00:00,FL,POMPANO BEACH AIRPARK,LANDING ROLL,0,,Unknown bird,1,,M,,Tower,0,"MEDFLY1, A BE9L, VFR, LANDED RY 15. UPON CONTACTING GC, PILOT ADVISED HE HAD EXPERIENCED A BIRD STRIKE AND REQUESTED INSTRUCTIONS TO TAXI TO THE RAMP TO INSPECT THE ACFT. THE PILOT CALLED THE TOWER AND ADVISED THE THAT THE AIRCRAFT HAD LIGHT DAMAGE TO THE"
DELTA AIR LINES,B-757,07/17/15 00:00:00,VI,HENRY E ROHLSEN ARPT,,,,Unknown bird,1,Other,M?,,Tower,0,DAL571 EXPERIENCED A BIRD INGESTION ON ARRIVAL TO STT ON JULY 17. THE PILOT DID NOT REPORT A BIRD STRIKE TO THE ATCT. THE ATCT DID NOT FIND OUT ABOUT THE BIRD STRIKE UNTIL THE FOLLOWING DAY. THE BIRD STRIKE RESULTED IN THE CANCELLATION OF THE OUTBOUND FLT.
DELTA AIR LINES,B-717-200,08/02/15 00:00:00,TX,SAN ANTONIO INTL,APPROACH,,,Unknown bird,1,NONE,M?,,Tower,0,DAL1356 ADVISED LOCAL CONTROL OF A BIRD STRIKE SHORT FINAL/OVER THE NUMBERS TO RY12R.  THE B717 LANDED WITHOUT INCIDENT.  PILOT ADVISED BIRD STURCK THE NOSE OF THE AIRCRAFT.  DAL1356 TAXIIED TO THE GATE AND AFTER INSPECTING THE AIRCRAFT ADVISED ATC THE BI
BUSINESS,C-414,08/03/15 00:00:00,TX,LONE STAR EXECUTIVE ARPT,DEPARTURE,,,Unknown bird,1,PRECAUTIONARY LANDING,M?,,Tower,0,N999RK WAS DEPARTING TO 87I AND ON DEPARTURE STRUCK A BIRD AND IT WAS INJESTED INTO THE RIGHT ENGINE. THE AIRCRAFT HAD MADE A PRECAUTIONARY LANDING AT CXO WITH A ROUGH RUNNING ENGINE EARLIER NO ASSISTANCE REQUIRED OR REQUESTED. THE AIRCRAFT REQUESTED TO R
ALLEGIANT AIR,MD-80,09/02/15 00:00:00,FL,TAMPA INTL,APPROACH,6000,,Unknown bird,1,NONE,M?,,Tower,0,"AAY843,MD80, ADVSD TPA APCH HE ENCOUNTERED BIRD STRIKE ON RADOME, BELOW 1ST OFFICERS' WINDOW, 30 NNE PIE AT 6,000 FT. PILOT KEVIN VAN TASSEL(724-601-5447) CALLED AFTER LANDING TO SAY DAMAGES ARE PRESENT ON RADOME, BUT HE DID NOT KNOW HOW SIGNIFICANT.   "
TRANS STATES AIRLINES,EMB-145,09/07/15 00:00:00,MO,LAMBERT-ST LOUIS INTL,APPROACH,,,Owls,1,NONE,M?,,Tower,0,"LOF3351 hit a large bird, thought it was an owl, over the threshold, taxied in and his taxi light was not working."
BUSINESS,C-172,11/28/15 00:00:00,FL,OPA-LOCKA EXECUTIVE ARPT,APPROACH,,,Hawks,1,NONE,M?,,Tower,0,N5352K EXPERIENCED A BIRD STRIKE ON A 3-MILE FINAL FOR RWY 9R. THE AIRCRAFT LANDED WITHOUT INCIDENT. THE STUDENT THINKS IT WAS A LARGER HAWK; THEY REPORT THERE MIGHT BE DAMAGE TO THE LEFT WING.
GOVERNMENT,EC120,12/08/15 00:00:00,CA,NORMAN Y. MINETA SAN JOSE INTL ARPT,,,,Gulls,1,NONE,M?,,Tower,0,"POLICE1 reported being struck by a seagull on the left front side of the windshield. Pilot: Chris Dominguez, (408) 219-8588, Moderate to significant damage."
AMERICAN AIRLINES,A-321,05/06/15 00:00:00,FL,FORT LAUDERDALE/HOLLYWOOD INTL,APPROACH,1500,,Unknown bird - small,1,NONE,N,,Tower,0,PILOT OF AAL1702 REPORTED BIRD STRIKE ON FINAL FOR RUNWAY 10L AT 1500FT. NO DAMAGE REPORTED. SMALL BIRD ON WINDSHIELD.
EXPRESSJET AIRLINES,CRJ100/200,05/06/15 00:00:00,AR,FORT SMITH REGIONAL ARPT,CLIMB,,,Unknown bird - small,1,NONE,N,,Tower,0,ASQ2607 REPORTED A BIRD STRIKE DURING TAKE OFF. PILOT STATED IT WAS A SMALL BIRD. NO DAMAGE WAS REPORTED. ASQ2607 CLIMB WITHOUT ISSUE AND CONTINED ON FLIGHT PLAN.
MESA AIRLINES,CRJ900,05/08/15 00:00:00,AR,BILL AND  HILLARY CLINTON NATL ARPT/ADAMS FIELD,LANDING ROLL,0,,Unknown bird - small,1,NONE,N,,Tower,0,"ASH5753 WAS CLEARED TO LAND ON RY22L WHEN THEY HIT A BIRD IN THE FLARE OVER THE RUNWAY.  BIRD WAS DESCRIBED AS SMALL AND BLACK.  RY OPS WERE SUSPENDED BY THE TOWER, RADAR NOTIFIED, AND OPS 10 WAS NOTIFIED AND WAS ENROUTE TO PERFORM A RY INSPECTION."
BUSINESS,HELICOPTER,05/06/15 00:00:00,,UNKNOWN,En Route,,,Unknown bird,1,PRECAUTIONARY LANDING,N,,Tower,0,CMD8 BIRD STRIKE.  NEGATIVE EMERGENCY. MAKING PRECAUTIONARY LANDING AT OAK.
DELTA AIR LINES,A-320,05/07/15 00:00:00,CA,METRO OAKLAND INTL,,,,Unknown bird,1,NONE,N,,Tower,0,DAL 1253-BIRD STRIKE REPORTED AFTER LANDING.
DELTA AIR LINES,A-320,05/08/15 00:00:00,UT,SALT LAKE CITY INTL,,,,Unknown bird,1,NONE,N,,Tower,0,Delta Airlines called to report a birdstrike on DAL2384 who had arrived RWY16R.
LUFTHANSA,A-380,05/10/15 00:00:00,TX,GEORGE BUSH INTERCONTINENTAL/ HOUSTON ARPT,CLIMB,,,Unknown bird,1,NONE,N,,Tower,0,DLH441 reported receiving bird strikes climbing through 100 approximately 13 miles east of IAH. The aircraft was IMC and unable to determine type/size. They too thought it was unusual to have this happen at the altitude they were climbing through. The pil
BUSINESS,C-172,05/08/15 00:00:00,FL,ORLANDO SANFORD INTL ARPT,APPROACH,,,Unknown bird,1,NONE,N,,Tower,0,"AIRCRAFT ENCOUNTERED BIRD STRIKE OUTSIDE 5 MILES OF SFB WHILE ON APPROACH CONTROL FREQUENCY. AIRCRAFT RETURNED BACK TO SFB AND LANDED RWY 27L. AIRCRAFT TAXIIED BACK TO RAMP, NO FURTHER ASSISTANCE REQUIRED."
SPIRIT AIRLINES,A-319,05/10/15 00:00:00,IL,CHICAGO O'HARE INTL ARPT,CLIMB,12000,,Unknown bird,1,PRECAUTIONARY LANDING,N,,Tower,0,Aircraft reported bird strike climbing out of 12000ft and requested leveling at 13000. Declared emergency with stall indication in one engine. Pilot requested diversion to KORD and equipment standing by. Cordination was completed with C90 and aircraft lan
EXPRESSJET AIRLINES,EMB-145,05/11/15 00:00:00,AL,BIRMINGHAM-SHUTTLESWORTH INTL,LANDING ROLL,0,,Unknown bird - small,1,NONE,N,,Tower,0,HIT A SMALL BIRD IN THE FLARE NO DAMAGE.
AIR WISCONSIN AIRLINES,CRJ100/200,05/09/15 00:00:00,NC,PIEDMONT TRIAD INTL,APPROACH,,,Unknown bird,1,NONE,N,,Tower,0,AWI3889 CHECKED IN ON THE VISUAL. AFTER HE WAS CLEARED TO LAND HE ADVISED THAT THEY JUST HAD A BIRD STRIKE ON THE CAPTIANS SIDE ON THE PLANE.
SKYWEST AIRLINES,CRJ100/200,05/11/15 00:00:00,TX,GEORGE BUSH INTERCONTINENTAL/ HOUSTON ARPT,APPROACH,,,Unknown bird,1,NONE,N,,Tower,0,SKW4834 BIRDSRIKE 1/2 MILE FINAL RY8L. NEGATIVE DAMAGE.
HORIZON AIR,DHC8 DASH 8,05/10/15 00:00:00,OR,PORTLAND INTL (OR),Climb,,,Unknown bird,1,NONE,N,,Tower,0,QXE91 REPORTED A BIRD STRIKE ON ROTATION FROM PDX. NO ASSISTANCE REQUESTED.
EXPRESSJET AIRLINES,CRJ100/200,05/11/15 00:00:00,TN,TRI-CITIES REGIONAL TN/VA ARPT,LANDING ROLL,0,,Unknown bird,1,NONE,N,,Tower,0,PILOT OF ASQ5151 REPORTED A POSSIBLE BIRD STRIKE ON ROLLOUT AFTER LANDING RWY 23. PILOT INSPECTED AIRCRAFT AND REPORTED NO DAMAGE.
UPS AIRLINES,MD-11,05/12/15 00:00:00,CO,DENVER INTL AIRPORT,LANDING ROLL,0,,Unknown bird,1,NONE,N,,Tower,0,PILOT REPORTED HITTING A BIRD WHILE LANDING RWY 17R.  NO DAMAGE REPORTED.  CCD NOTIFIED.
BUSINESS,BE-200 KING,05/12/15 00:00:00,TX,VALLEY INTL,LANDING ROLL,0,,Unknown bird,1,NONE,N,,Tower,0,N124GA REPORTED BIRD STRIKE ON LANDING ROLLOUT ON RWY 17L. NO DAMAGE REPORTED.
DELTA AIR LINES,MD-90-30,05/12/15 00:00:00,VA,RICHMOND INTL,TAKE-OFF RUN,0,,Unknown bird,1,NONE,N,,Tower,0,DAL1307 REPORTED POSSIBLY HITTING A SMALL BLACK BIRD AT TAKEOFF RWY20. PILOT SAID HE WANTED TO CONTINUE HIS ROUTE AND WILL NOTIFY RIC OF ANY DAMAGE ONCE LANDED IN ATL. AIRPORT OPS INSPECTED THE RWY AND DIDNT FIND ANYTHING. 
ALASKA AIRLINES,B-737,05/12/15 00:00:00,FL,TAMPA INTL,APPROACH,50,,Unknown bird,1,NONE,N,,Tower,0,"ASA774, B737 SHORT FINAL RUNWAY 1R AT TPA REPORTED BIRD STRIKE AT 50 FEET. AIRCRAFT LANDED WITHOUT INCIDENT. NO DAMAGE TO AIRCRAFT. HCAA ADVISED AND WILL COMPLETE RUNWAY CHECK."
AMERIFLIGHT,BE-99,05/13/15 00:00:00,OR,SOUTHWEST OREGON REGIONAL ARPT,APPROACH,300,,Unknown bird,1,NONE,N,,Tower,0,"During VMC conditions; AMF1984 had a small bird strike below the right engine, on the bottom of the cowling, during final approach RY13, approximetely 300'.  Bird activity was not on the ATIS due to none being observed.  The aircraft reported no damage, t"
ENVOY AIR,EMB-145,05/14/15 00:00:00,TN,LOVELL FIELD ARPT,LANDING ROLL,0,,Unknown bird,1,NONE,N,,Tower,0,"ENY3343 LANDING CHA RWY 02, REPORTED A BIRD STRIKING THE WING ON ROLLOUT. NO DAMAGE. "
REPUBLIC AIRLINES,EMB-170,05/14/15 00:00:00,SC,CHARLESTON AFB/INTL ARPT,DEPARTURE,,,Unknown bird,1,NONE,N,,Tower,0,"RPA4647 REPORTED A BIRD STRIKE ON DEPARTURE FROM RUNWAY 33, NO SIGNIFICANT DAMAGE REPORTED."
HORIZON AIR,DHC8 DASH 8,05/14/15 00:00:00,AK,FAIRBANKS INTL ARPT,DEPARTURE,,,Unknown bird,1,NONE,N,,Tower,0,"QXE806 CONTACTED THE TOWER APPROXIMATELY 20 MILES SOUTH OF THE AIRPORT TO REPORT A POSSIBLE BIRD STRIKE THAT OCCURED AT THE DEPARTURE END OF RUNWAY 02L.  PILOT STATED THEY WERE SONGBIRDS AND HAD MAYBE HIT 1 OR 2, HE ALSO REPORTED NO DAMAGE AND THAT THEY W"
SPIRIT AIRLINES,A-319,05/14/15 00:00:00,TX,GEORGE BUSH INTERCONTINENTAL/ HOUSTON ARPT,LANDING ROLL,0,,Sparrows,1,NONE,N,,Tower,0,"NKS595 REPORTED HITTING A SPARROW AFTER TOUCHING DOWN ON RUNWAY 8L, NO DAMAGE REPORTED."
SHUTTLE AMERICA,EMB-170,05/12/15 00:00:00,ME,PORTLAND INTL JETPORT (ME),CLIMB,1000,,Unknown bird,1,NONE,N,,Tower,0,TCF5150 departed RWY11 and reported a bird strike at 1000ft. TCF5150 advised that the did not need assistance when asked and continued their climb to altitude. TCF5150 was provided the tower phone number in case they found any damage when landing in EWR. 
AMERICAN AIRLINES,MD-83,05/14/15 00:00:00,CA,LOS ANGELES INTL,CLIMB,,,Unknown bird,1,PRECAUTIONARY LANDING,N,,Tower,0,AAL1258 ADVISED OF A BIRD STRIKE AND REQUESTED TO RETURN TO LAX FOR LANDING. 144 PERSONS ON BOARD 3 HOURS OF FUEL CREW ALSO ADVISED THEY WOULD BE LANDING HEAVY. SUP PASSED THE INFORMATION TO LAXT AND LAA. THERE DID NOT APPEAR TO BE ANY DAMAGE TO THE
BUSINESS,DHC8 DASH 8,05/13/15 00:00:00,VA,ROANOKE REGNL ARPT/WOODRUM FIELD,APPROACH,3000,,Unknown bird,1,NONE,N,,Tower,0,N327EN REPORTED STRIKING A BIRD ON THE WINDSHIELD AT 3000 FT ON A 10MILE FINAL.
BUSINESS,C-172,05/15/15 00:00:00,GA,DEKALB-PEACHTREE ARPT,DEPARTURE,,,Unknown bird,1,NONE,N,,Tower,0,N1097Y DOING PATTERN WORK ON RUNWAY 21R. ADVISED LC1 HE STRUCK A BIRD ON DEPARTURE. LANDED RUNWAY 21R WITHOUT ISSUE.
PIEDMONT AIRLINES,DHC8 DASH 8,05/16/15 00:00:00,VA,CHARLOTTESVILLE-ALBEMARLE ARPT,DEPARTURE,,,Unknown bird,1,PRECAUTIONARY LANDING,M?,,Tower,0,"PDT4804 DEPARTED CHO, BIRDSTRIKE ON DEPARTURE 10NM SOUTH OF AIRPORT. BROKEN WINDSHIELD, NO INJURIES REPORTED. DID NOT DECLARE EMERGENCY, RETURNED TO CHO LANDED WITHOUT INCIDENT.  NCRCC AND CHO ATCT NOTIFIED."
MESA AIRLINES,CRJ700,05/16/15 00:00:00,DC,WASHINGTON DULLES INTL ARPT,DEPARTURE,,,Unknown bird,1,NONE,N,,Tower,0,"ASH2982 DEPARTED IAD REPORTED POSSIBLE BIRDSTRIKE TO CHP-BUFFR CONTROLLER.  DID NOT DECLARE EMERGENCY WITH PCT AND CONTINUED ON FLIGHT. CAPITAL WATCH, ZDC NOTIFIED."
BUSINESS,C-340,05/18/15 00:00:00,FL,VERO BEACH MUNICIPAL,DEPARTURE,,,Sandhill crane,1,NONE,N,,Tower,0,N340DP DEPARTED RWY 4 AND ADVISED THAT HE MAY HAVE HIT A BIRD. THE NEXT ARRIVAL AIRCRAFT ADVISED THAT THERE WAS A BIRD ON THE RUNWAY. AIRPORT OPERATIONS WAS NOTIFIED AND REMOVED THE BIRD. TYPE OF BIRD WAS A JUVENILE SANDHILL CRANE. THE AIRCRAFT HAS NOT RE
UNITED AIRLINES,B-737,05/18/15 00:00:00,WA,SEATTLE-TACOMA INTL,APPROACH,,,Unknown bird,1,NONE,N,,Tower,0,"S46 ADVISED TOWER UAL1167 HAD A BIRD STRIKE WHILE INBOUND TO SEA, ACFT LANDED AND TAXIED TO THEIR GATE WITHOUT INCIDENT. PILOT ADVISED TOWER AFTER VISUAL INSPECTION THERE WAS NO DAMAGE TO THE ACFT."
DELTA AIR LINES,MD-88,05/17/15 00:00:00,SC,GREENVILLE-SPARTANBURG INTL,LANDING ROLL,0,,Unknown bird - medium,1,NONE,N,,Tower,0,"DURING LANDING, DAL1209 REPORTED STRIKING A MEDIUM SIZED BIRD AS HE TOUCHED DOWN WITHIN THE FIRST 2000 FEET ON RUNWAY 4.  THE BIRD STRUCK THE LEFT NOSE, NO DAMAGE AND NO INJURIES."
BUSINESS,CL-600,05/19/15 00:00:00,IA,DES MOINES INTL,DEPARTURE,,,Unknown bird,1,NONE,N,,Tower,0,"N97NP REPORTED TO DEPARTURE RADAR THAT THEY BELIEVED 1000-2000 FEET DOWN THE RUNWAY THEY HIT A BIRD ON THE NOSE OF AIRCRAFT, NO OTHER INFORMATION AVAILABLE "
AMERICAN AIRLINES,A-321,05/17/15 00:00:00,FL,MIAMI INTL,APPROACH,400,,Unknown bird,1,NONE,N,,Tower,0,BIRD STRIKE AT APPROXIMATELY 400 FEET ON THE FINAL TO RWY 8L BY AAL220. AMERICAN AIRLINES OPS ( 305-526-7973) CONTACTED FOR A REPORT OF ANY DAMAGE. AAL OPS ADVISED THAT THE MAINTENANCE CREW STATED THAT THE BIRD STRIKE LOCATION WAS THE WINDSHIELD ON THE CA
REPUBLIC AIRLINES,EMB-170,05/17/15 00:00:00,NY,SYRACUSE HANCOCK INTL,APPROACH,200,,Unknown bird,1,NONE,N,,Tower,0,RPA4382 REPORTED BIRD STRIKE AT 200FT.  RUNWAY CHECK WAS DONE AND NO BIRD WAS FOUND.  PILOT CHECKED AIRCRAFT AFTER LANDING.  FOUND SOME BLOOD/FEATHERS ON NOSE OF PLANE.  NO DAMAGE WAS DONE.  
SKYWEST AIRLINES,CRJ900,05/20/15 00:00:00,KY,CINCINNATI/NORTHERN KENTUCKY INTL ARPT,LANDING ROLL,0,,Unknown bird,1,NONE,N,,Tower,0,SKW4805 REPORTED BIRD STRIKE ON ROLLOUT RY 36C. ACC NOTIFIED. NO OTHER INFORMATION GIVEN.
HORIZON AIR,DHC8 DASH 8,05/20/15 00:00:00,AK,FAIRBANKS INTL ARPT,DEPARTURE,,,Unknown bird,1,NONE,N,,Tower,0,QXE818 Advised LC of a possible strike while departing RY 2L.  Airport operations was advised and found bird debris on the runway.  The information was forwarded to ZAN to pass on to QXE818.
BUSINESS,PILATUS PC12,05/20/15 00:00:00,,UNKNOWN,EN ROUTE,8000,,Unknown bird,1,PRECAUTIONARY LANDING,N,,Tower,0,"AIRCRAFT DEPARTED KSLC VFR AND REPORTED ON SECTOR 07'S FREQUENCY AT 1630Z AT 8,000' AT THE MOUTH OF IMMIGRATION CANYON.  AIRCRAFT REPORTED A BIRD STRIKE, ADVISED HE WAS NOT DECLARING AN EMERGENCY, AND STATED HIS INTENTION TO RETURN TO KSLC.  AT 1638Z AIRC"
HORIZON AIR,DHC8 DASH 8,05/19/15 00:00:00,WA,TRI-CITIES,APPROACH,,134,Unknown bird,1,NONE,N,,Tower,0,QXE108 DH8 REPORTED ONE BIRD HIT HIS WINDSHIELD ON 1 1/2 TO 2 MILE FINAL. GEAR WAS DOWN DOING APPROXIMATELY 134 KTS. NO DAMAGE REPORTED BY QXE108.
MESA AIRLINES,CRJ900,05/21/15 00:00:00,TX,DALLAS/FORT WORTH INTL ARPT,LANDING ROLL,0,,Unknown bird,1,NONE,N,,Tower,0,ASH5787 CRJ9 LANDED RWY 35R AND REPORTED HITTING BIRDS. ASH5787 TAXIED TO GATE HOLDING ON THE WEST SIDE OF THE AIRPORT WITH NO ASSISTANCE REQUIRED.
DELTA AIR LINES,MD-90-30,05/21/15 00:00:00,GA,HARTSFIELD - JACKSON ATLANTA INTL ARPT,,,,Unknown bird,1,NONE,N,,Tower,0,"DAL1572, MD90, TPA-ATL, RWY 28. BIRD STRIKE. NO DAMAGE TO AIRCRAFT."
ISLAND AIR,AT-72,05/21/15 00:00:00,HI,HONOLULU INTL ARPT,DEPARTURE,,,Unknown bird - small,1,NONE,N,,Tower,0,"MKU232 departed RWY 8L full length and while rotating around the 3,000' mark, 20' above the RWY reported hitting a small black bird on the left side of the windshield. Capt Diana Feddersomhn reported that there were no visible damages upon inspecting the "
BUSINESS,DA-900,05/20/15 00:00:00,OK,RICHARD LLOYD JONES JR ARPT,DEPARTURE,,,Unknown bird,1,NONE,N,,Tower,0,N1828S REPORTED A BIRD STRIKE TWO MILES NORTH OF THE FIELD WHILE ON DEPARTURE.  N1828S DECIDED TO CONTINUE ON HIS FLIGHT PLAN.
JETBLUE AIRWAYS,EMB-190,05/22/15 00:00:00,NY,WESTCHESTER COUNTY ARPT,APPROACH,,,Unknown bird,1,NONE,N,,Tower,0,JBU914 REPORTED BIRD STRIKE ON FINAL. NO DAMAGE REPORTED.
AMERICAN AIRLINES,MD-80,05/22/15 00:00:00,TX,DALLAS/FORT WORTH INTL ARPT,LANDING ROLL,0,,Unknown bird,1,NONE,N,,Tower,0,"AAL1146, MD80, REPORTED UPON EXITING RWY 17C THAT THEY EXPERIENCED A BIRD STRIKE ON LANDING ROLL RWY 17C.  PILOT WAS ADVISED TO CONTACT THE TOWER IF ANY DAMAGE TO THE AIRCRAFT WAS OBSERVED."
HORIZON AIR,DHC8 DASH 8,05/22/15 00:00:00,OR,MAHLON SWEET FLD,LANDING ROLL,0,,Unknown bird,1,NONE,N,,Tower,0,QXE295 REPORTED STRIKING A BIRD AFTER LANDING APPROXIMATELY 1500-1800 FEET DOWN THE RUNWAY. VISUAL INSPECTION OF THE AIRCRAFT WAS CONDUCTED BY FLIGHT CREW. NO DAMAGE REPORTED.
JETBLUE AIRWAYS,A-310,05/21/15 00:00:00,CA,LONG BEACH-DAUGH FLD,LANDING ROLL,0,,Unknown bird,1,NONE,N,,Tower,0,"AFTER LANDING ROLL OUT JBU531 EXITED TWY K AND INFORMED GROUND THAT THEY HAD POSSIBLY STRUCK A FEW BIRDS JUST BEYOND THE TOUCHDOWN POINT, POSSIBLY AROUND THE 1500 FOOT MARK. LGBAA NOTIFIED. PILOT REPORTS NO DAMAGE TO AIRCRAFT. "
PIEDMONT AIRLINES,DHC8 DASH 8,05/23/15 00:00:00,NC,COASTAL CAROLINA REGIONAL ARPT,LANDING ROLL,0,,Unknown bird,1,NONE,N,,Tower,0,PDT4897 REPORTED A BIRD STRIKE WHICH OCCURED WHEN THE AIRCRAFT LANDED INITIALLY AT 1430. THE TIME HE REPORTED THIS TO ME WAS AT 1605 WHEN HE DEPARTED BACK TO CLT. WHEN ASKED WHERE HIS POSITION WAS WHEN IT OCCURED HE STATED THAT HE THOUGHT IT WAS ON RUNWAY
AMERICAN AIRLINES,A-321,05/22/15 00:00:00,PA,PITTSBURGH INTL ARPT,APPROACH,6000,,Unknown bird,1,NONE,N,,Tower,0,AAL1793 A321 INBOUND TO PIT DECLARED A BIRDSTRIKE AT 6000 FEET. THE PILOT WAS ASKED TO CALL THE TRACON AND HE COMPLIED.  THE PILOT STATED THAT THE BIRD STRUCK THE CAPTIAN'S SIDE WINDOW.  THE PILOT HAD NO DAMAGE TO REPORT BUT STATED THAT HE DID NOT EXCUTE 
SOUTHWEST AIRLINES,B-737,05/23/15 00:00:00,MD,BALTIMORE/WASH INTL THURGOOD MARSHAL ARPT,APPROACH,1000,,Unknown bird,1,NONE,N,,Tower,0,"SWA1844 INBOUND TO BWI RWY10 REPORTED STRIKING A BIRD, ON THE WINDSHIELD AT 1000' ON FINAL. PILOT REPORTED NO DAMAGE TO AIRCRAFT."
BUSINESS,CRJ100/200,05/25/15 00:00:00,TN,TRI-CITIES REGIONAL TN/VA ARPT,DEPARTURE,,,Unknown bird,1,NONE,N,,Tower,0,JIA5183 REPORTED A BIRD STRIKE AS IT DEPARTED. THE PILOT SAID IT HAPPENED AT ROTATION. THE BIRD HIT ON THE NOSE OF THE AIRCRAFT JUST BELOW THE PILOTS WINDOW. PILOT REPORTED NO DAMAGE.
UPS AIRLINES,C-182 SKYLAN,05/25/15 00:00:00,CO,CITY OF COLORADO SPRINGS MUNI APRT,APPROACH,,,Unknown bird,1,NONE,N,,Tower,0,N5CF (VFR)REPORTED A BIRDSTRIKE TO HIS WINDSHIELD ON A 1/4M FINAL RUNWAY 17R.  N5CF DID NOT DECLARE AN EMERGENCY AND REPORTED NO DAMAGE TO THE AIRCRAFT. 
UPS AIRLINES,B-767-300,05/26/15 00:00:00,,UNKNOWN,En Route,,,Unknown bird,1,NONE,N,,Tower,0,"UPS950, H/767, BIRD STRIKE OVER PARBB. NO INJURIES. AIRCRAFT LANDED WITHOUT INCIDENT."
DELTA AIR LINES,CRJ100/200,05/26/15 00:00:00,IA,DES MOINES INTL,APPROACH,,,Unknown bird - small,1,NONE,N,,Tower,0,"STRUCK SMALL BLACK SPARROW UPON LANDING. CAPTAIN'S SIDE WINDSCREEN, NO DAMAGE, US REGISTRY: N8877A, POWERPLANT CR34-3B1"
BUSINESS,MD-88,05/24/15 00:00:00,AR,NW ARKANSAS REGIONAL,APPROACH,,,Unknown bird,1,NONE,N,,Tower,0,"DAL 2608 LANDED SAFELY AND REPORTED HE DEFINATELY HIT A BIRD RIGHT BEFORE TOUCHDOWN. NO DAMAGE TO REPORT, SAID HE WOULD HAVE MAINT. TAKE A LOOK."
ENDEAVOR AIR,GULFAERO IV,05/26/15 00:00:00,NC,RALEIGH-DURHAM INTL,APPROACH,1000,,Unknown bird,1,NONE,N,,Tower,0,"WHILE ON SHORT FINAL AT 1000, JPB710 TOOK A BIRDSTRIKE TO THE FUSELAGE JUST ABOVE THE WINDSHIELD. THE PILOT REPORTED A SINGLE BLACKBIRD STRIKING THE AIRCRAFT. SUBSEQUENTLY , THE PILOT REPORTED NO DAMAGE TO THE AIRCRAFT OR NO INJURIES. THE AIRCRAFT LANDED "
BUSINESS,CRJ900,05/26/15 00:00:00,IA,DES MOINES INTL,Climb,,,Unknown bird - small,1,NONE,N,,Tower,0,"FLG4017, CRJ9, UPON ROTATION, HIT ONE SMALL BIRD ON WINDSCREEN. NO DAMAGE."
PSA AIRLINES,CRJ700,05/26/15 00:00:00,MI,WILLOW RUN ARPT,APPROACH,3000,,Unknown bird - large,1,NONE,N,,Tower,0,"CTL1 reported hitting a ""very large bird"" approximately 6NE of the field just below 3000ft on final for YIP.
Pilot estimated time of strike as 2308 Local 5/26/2015. Strike was not reported to ATC until 0410Z 5/27/2015.
No assistance was required by pilot."
DELTA AIR LINES,CRJ100/200,05/28/15 00:00:00,IL,CHICAGO O'HARE INTL ARPT,,,,Unknown bird,1,NONE,N,,Tower,0,This was not an emergency. Pilot advised bird strike at FL180. No damage or injuries. Pilot did not know what type of bird.
BUSINESS,EMB-145,05/28/15 00:00:00,MA,GENERAL EDWARD LAWRENCE LOGAN INTL ARPT,Landing Roll,0,,Unknown bird,1,NONE,N,,Tower,0,"BIRD STRIKE LANDING RY22L, DAL3287, E145, N370SK, EVIDENCE OF BIRD DEBRIS IN NOSE GEAR, NO DAMAGE REPORTED. NOTIFIED BY MASSPORT. "
JETBLUE AIRWAYS,BEECHCRAFT,05/26/15 00:00:00,CA,NAPA COUNTY ARPT,LANDING ROLL,0,,Unknown bird,1,NONE,N,,Tower,0,N1SH LANDED RWY 24 AND REPORTED HITTING A BIRD ON THE ROLL OUT NEAR THE INTERSECTION OF RWY 24 & RWY 36L. LC CONDUCTED A VISUAL SCAN OF THE RUNWAY AND DIDN'T SEE ANY BIRDS. AIRPORT OPS WAS NOTIFIED ABOUT THE BIRD STRIKE SINCE THEY WERE GONE FOR THE DAY. A
JETBLUE AIRWAYS,A-320,05/28/15 00:00:00,FL,TAMPA INTL,,,,Unknown bird,1,NONE,N,,Tower,0,JBU391 AN A320 BIRD STRIKE OVER RWY. PILOT STATED BIRD STRUCK JUST ABOVE CAPT WINDSHIELD.  MAINT LOOKED AT A/C DETERMINED NO DAMAGE. A/C N587JB.
ALASKA AIRLINES,EMB-170,05/28/15 00:00:00,TN,MEMPHIS INTL,APPROACH,,,Unknown bird,1,NONE,N,,Tower,0,"AFTER LANDING RWY 18C, RPA4503, AN E170, REPORTED POSSIBLE BIRDSTRIKE AT APPROXIMATELY AT 1 1/2 MILE FINAL.  NO KNOWN DAMAGE REPORTED. NO INJURIES REPORTED. RPA4503 TAXIED TO RAMP WOI."
ALLEGIANT AIR,B-737-800,05/29/15 00:00:00,AK,TED STEVENS ANCHORAGE INTL,APPROACH,100,,Unknown bird,1,NONE,N,,Tower,0,ASA165 ON ROLL OUT RY 7R INFORMED TOWER OF A BIRD STRIKE AT 100 FEET ON SHORT FINAL. REPORTED NO DAMAGE.
BUSINESS,A-320,05/30/15 00:00:00,PA,HARRISBURG INTL,CLIMB,,,Unknown bird,1,NONE,N,,Tower,0,AIRCRAFT DEPARTED RY13. DURING CLIMBOUT PILOT REPORTED A BIRD STRIKE ON THE WINDSHIELD ABOVE HIS HEAD. NO APPARENT DAMAGES AND AIRCRAFT CONTINUED TO ITS DESTINATION.
BUSINESS,HELICOPTER,05/28/15 00:00:00,,UNKNOWN,En Route,,,Unknown bird,1,PRECAUTIONARY LANDING,N,,Tower,0,"CAREFLIGHT 23, A HELICOPTOR, DEPARTED EASTBOUND AND REPORTED A BIRD STRIKE 5 NM EAST OF ABQ AIRPORT. PILOT RETURNED BACK TO ABQ AS A PRECAUTION AND DEPARTED APPROX. 2 MINUTES LATER. NO INJURIES NOR AIRCRAFT DAMAGE REPORTED."
BUSINESS,CRJ100/200,05/30/15 00:00:00,IA,THE EASTERN IOWA ARPT,,,,Unknown bird - small,1,NONE,N,,Tower,0,STRUCK SMALL BIRD.  NO DAMAGE.
AMERICAN AIRLINES,GULFAERO IV,05/30/15 00:00:00,FL,VERO BEACH MUNICIPAL,LANDING ROLL,0,,Unknown bird,1,NONE,N,,Tower,0,N978CC GLF4 HIT A BIRD WHIILE TOUCHING DOWN ON RUNWAY 12R. 
AMERIFLIGHT,A-321,05/30/15 00:00:00,NV,MC CARRAN INTL ARPT,TAKE-OFF RUN,0,,Unknown bird,1,NONE,N,,Tower,0,"AT 0755Z AAL677 WAS CLEARED FOR TAKEOFF ON RWY 25R, THE LOCAL 1 CONTROLLER TOLD AAL677 TO CONTACT DEPARTURE, AND BEFORE AAL677 SWITCHED HE TOLD LC1 THAT HE STRUCK A BIRD AT ROTATION.  THE TOWER CONTROLLER NEVER RECIEVED AND OTHER INFORMATION ABOUT ANY DAM"
BUSINESS,SWEARINGIN,05/29/15 00:00:00,UT,SALT LAKE CITY INTL,,,,Unknown bird,1,NONE,N,,Tower,0,AMF1837 (N377PH) REPORTED A BIRD STRIKE ON 16L. PILOT CALLED AND REPORTED NO DAMAGE OR EVIDENCE OF THE BIRD STRIKE.
DELTA AIR LINES,BE-50 TWIN BONANZA,05/31/15 00:00:00,FL,FORT LAUDERDALE/HOLLYWOOD INTL,TAXI,0,,Unknown bird,1,NONE,N,,Tower,0,N2663R WAS TAXIING ON TWY A BETWEEN TWY Q AND THE VICTORY RAMP AND REPORTED A BIRD STRIKE ON ONE OF HIS PROPS.
REPUBLIC AIRLINES,B-717-200,05/31/15 00:00:00,GA,HARTSFIELD - JACKSON ATLANTA INTL ARPT,APPROACH,,,Unknown bird,1,NONE,N,,Tower,0,"BIRD STRIKE, DAL1642, B712, OVER THE NUMBER RWY 8L. SIZE AND SPECIES UNKNOWN. PIC REPORTED NO DAMAGE. DOA ADVISED. A/C TAXIED TO RAMP 3 GATE C34."
ENVOY AIR,EMB-170,05/31/15 00:00:00,PA,PHILADELPHIA INTL,APPROACH,,,Unknown bird,1,NONE,M?,,Tower,0,RPA4556 WAS ON APPROACH RWY 27R AND AT APROX 10 MILE FINAL A BIRD STRUCK THE RT FRONT SIDE WINDOW. CAUSING DAMAGE TO THE OUTER WINDOW PANE. THE DAMAGE IS LOCALIZED TO THE OUTER WINDOW CAUSING A SPIDER-WEB AFFECT.  THE INSIDE WINDOW IS INTACT.  ITS UNKNOWN
BUSINESS,EMB-145,05/31/15 00:00:00,TX,DALLAS/FORT WORTH INTL ARPT,APPROACH,,,Unknown bird,1,NONE,N,,Tower,0,"ENY3061 ,E145, reported a bird strike on 1/2 mile final to runway 36L.  No assistance required.  ENY3061 was told to contact the tower if any damage to the aircraft was found.  Port authority notified."
AIR CANADA JAZZ,DHC8 DASH 8,06/01/15 00:00:00,MD,BALTIMORE/WASH INTL THURGOOD MARSHAL ARPT,DEPARTURE,,,Unknown bird,1,PRECAUTIONARY LANDING,N,,Tower,0,"JZA7933 DH8, BWI TO CYYZ. PILOT REPORTED BIRD STRIKE ON DEPARTURE. AT THIS TIME NO REPORTED DAMAGE. JZA7933 DIVERTED BACK TO BWI. JZA7933 LANDED WITHOUT INCIDENT AT 1740Z.

"
BUSINESS,C-172,06/02/15 00:00:00,TX,ARLINGTON MUNICIPAL ARPT (TX),APPROACH,,,Unknown bird,1,NONE,N,,Tower,0,"N75602 LANDED ON RWY 16 AND REPORTED STRIKING A BIRD OVER THE RUNWAY THRESHOLD. N75602 TAXIED TO THE RAMP AND AFTER INSPECTING THE AIRCRAFT HE REPORTED BLOOD ON A FLAP, BUT NO DAMAGE WAS OBSERVED. AIRPORT OPERATIONS INSPECTED THE RUNWAY AND FOUND NO EVIDE"
BUSINESS,DA-900,06/02/15 00:00:00,NC,PIEDMONT TRIAD INTL,APPROACH,,,Unknown bird,1,NONE,N,,Tower,0,"N278FJ HIT A SMALL FLOCK OF BIRDS ON A FOUR MILE FINAL TO RUNEWAY 23L, TYPE BIRD UNKNOWN, BUT REPORTED AS A SMALL BIRD. NO DAMAGE DONE."
BUSINESS,C-172,06/02/15 00:00:00,IA,THE EASTERN IOWA ARPT,LANDING ROLL,0,,Unknown bird,1,NONE,N,,Tower,0,The safety officer at CID called to inform the tower that they observed N1443E strike a bird while landing runway 13. A dead bird was recovered from the runway. After landing N1443E reported that there was no damage to the aircraft.
BUSINESS,GRUMMAN,06/02/15 00:00:00,CA,HAYWARD EXECUTIVE ARPT,Climb,,,Unknown bird - small,1,PRECAUTIONARY LANDING,N,,Tower,0,VFR AA5 Grumman on upwind Ry 28R reported bird strike.  Aircraft returned right traffic to land Ry 28L. Airport vehicle sweep conducted. Small dead brown bird removed. 
ENVOY AIR,EMB-145,06/03/15 00:00:00,IL,CHICAGO O'HARE INTL ARPT,LANDING ROLL,0,,Unknown bird,1,NONE,N,,Tower,0,ENY3154 REPORTED HITTING A BIRD LANDING ROLLOUT 9L
AMERICAN AIRLINES,A-321,06/02/15 00:00:00,CA,ONTARIO INTL ARPT,,,,Owls,1,NONE,N,,Tower,0,AAL639 REPORTED TO TOWER OF A POSSIBLE BIRD STRIKE ON RWY26R JUST PASSING TWY LIMA. BIRD WAS A LARGE OWL. POSSIBLY GRAZED THE RIGHT SIDE OF THE FUSELAGE. NO DAMAGE REPORTED.
BUSINESS,AEROS SA365,06/03/15 00:00:00,CA,LOS ANGELES INTL,APPROACH,,,Unknown bird,1,NONE,N,,Tower,0,"C6570, AS65, RPTD A BIRD STRIKE WHEN TURNING INBND TO THE ARPT FM THE SHORELINE RTE.  CG OPS RPTS HOIST BOOM DAMAGED, REPAIR COST APPX $100,000.00"
BUSINESS,CL-600,06/03/15 00:00:00,NH,MANCHESTER AIRPORT,APPROACH,,,Unknown bird - small,1,NONE,N,,Tower,0,"N525SD, A CL60, REPORTED A BIRD STRIKE AT 015 MSL WHILE ON FINAL RY 17 AT MHT. PILOT REPORTED A SMALL BIRD HIT THE WINDSHIELD WITH NO DAMAGE. N525SD REQUIRED NO ASSISTANCE OF ANY KIND, LANDED WITHOUT INCIDENT."
JETBLUE AIRWAYS,EMB-190,06/04/15 00:00:00,MA,GENERAL EDWARD LAWRENCE LOGAN INTL ARPT,APPROACH,,,Unknown bird,1,NONE,N,,Tower,0,"JBU918, E190, N334JB, ADVISED POSSIBLE BIRD STRIKE ON SHORT FINAL TO RY 4L.  WILL ADVISE OF ANY DAMAGE UPON ARRIVAL TO GATE C29."
BUSINESS,C-550,06/04/15 00:00:00,,UNKNOWN,LOCAL,80,,Unknown bird,1,NONE,N,,Tower,0,"Hit a bird two thirds of the way down runway 15 at approximately 80 feet AGL. The bird hit the front of the aircraft. No known damage at this time. If damage is found, the pilot was provided with the facility's phone number and told to advise."
REPUBLIC AIRLINES,DHC8 DASH 8,06/04/15 00:00:00,CO,DENVER INTL AIRPORT,Approach,,,Unknown bird,1,NONE,N,,Tower,0,AIRCRAFT REPORTED STRIKING A BIRD ON THE APPROACH END OF RWY 35L. NO DEBRIS FOUND BY OPS. NO DAMAGE REPORTED BY THE AIRPLANE.  TAIL NUMBER N213WQ LC2 133.3 
DELTA AIR LINES,MD-88,06/04/15 00:00:00,DC,RONALD REAGAN WASHINGTON NATIONAL ARPT,,,,Unknown bird,1,NONE,N,,Tower,0,"DAL150, MD88 ENCOUNTERED BIRD STRIKE AT THE THRESHOLD OF RWY 01. THE PILOT ,JAMES HOLT (334-663-1235) REPORTED NO DAMAGE TO THE AIRCRAFT."
PSA AIRLINES,CRJ100/200,06/04/15 00:00:00,DC,RONALD REAGAN WASHINGTON NATIONAL ARPT,,,,Unknown bird,1,NONE,N,,Tower,0,"JIA5034, CRJ2 ENCOUNTERED BIRD STRIKE ON RWY 01 AT THE INTERSECTION OF RWY 04/22. THE PILOT ANDREW DECHTER (513-274-8033) REPORTED NO DAMAGE TO THE AIRCRAFT. AIRPORT OPERATIONS (MWAA) NOTIFIED AND RWY 01 WILL BE INSPECTED FOR DEAD BIRDS."
BUSINESS,C-172,06/04/15 00:00:00,CA,LIVERMORE MUNICIPAL ARPT,TAKE-OFF RUN,0,,Unknown bird,2-10,NONE,N,,Tower,0,"N2974D departed RWY 25R straight out. Controller observed birds falling out of the air onto the runway. Pilot asked if he hit any birds controller responded ""Affirmative"". Pilot said he wasn't sure whether he hit a bird or not but it was close. The pilot "
PSA AIRLINES,CRJ100/200,06/04/15 00:00:00,PA,PHILADELPHIA INTL,LANDING ROLL,0,,Unknown bird,1,NONE,N,,Tower,0,JIA5242 REPORTED A BIRDSTRIKE DURING ROLLOUT ON RUNWAY 35. AIRCRAFT TAXIIED TO THE GATE WITHOUT INCIDENT.
SOUTHWEST AIRLINES,B-737,06/05/15 00:00:00,DC,RONALD REAGAN WASHINGTON NATIONAL ARPT,LANDING ROLL,0,,Unknown bird,1,NONE,N,,Tower,0,BIRD STRIKE: SWA2240 ENCOUNTERED A BIRD STRIKE OVER THE RUNWAY WHILE LANDING RWY01. NO ASSISTANCE WAS REQUIRED. THE PILOT CONTACTED THE TOWER AND STATED THAT THERE WAS NO OBSERVED DAMAGE TO THE AIRCRAFT. PILOT NAME: RODNEY STOUT PILOT CONTACT NUMBER: (830
REPUBLIC AIRLINES,EMB-170,06/05/15 00:00:00,DC,RONALD REAGAN WASHINGTON NATIONAL ARPT,LANDING ROLL,0,,Unknown bird,1,NONE,N,,Tower,0,BIRD STRIKE: RPA4463 ENCOUNTERED A BIRD STRIKE OVER THE RUNWAY WHILE LANDING RWY01. NO ASSISTANCE WAS REQUIRED. THE PILOT CONTACTED THE TOWER AND STATED THAT THERE WAS NO OBSERVED DAMAGE TO THE AIRCRAFT. PILOT NAME: WADE MCDOWELL PILOT CONTACT NUMBER: (50
AMERICAN AIRLINES,EMB-190,06/05/15 00:00:00,DC,RONALD REAGAN WASHINGTON NATIONAL ARPT,LANDING ROLL,0,,Unknown bird,1,NONE,N,,Tower,0,BIRD STRIKE: AWE2144 ENCOUNTERED A BIRD STRIKE OVER THE RUNWAY WHILE LANDING RWY01. NO ASSISTANCE WAS REQUIRED. THE PILOT CONTACTED THE TOWER AND STATED THAT THERE WAS NO OBSERVED DAMAGE TO THE AIRCRAFT. PILOT NAME: MICHAEL MOHEN PILOT CONTACT NUMBER: (48
AIR WISCONSIN AIRLINES,CRJ100/200,06/05/15 00:00:00,DC,RONALD REAGAN WASHINGTON NATIONAL ARPT,LANDING ROLL,0,,Unknown bird,1,NONE,N,,Tower,0,BIRD STRIKE: AWI3934 ENCOUNTERED A BIRD STRIKE OVER THE RUNWAY WHILE LANDING RWY01. NO ASSISTANCE WAS REQUIRED. THE PILOT CONTACTED THE TOWER AND STATED THAT THERE WAS NO OBSERVED DAMAGE TO THE AIRCRAFT. PILOT NAME:SCOTT SOUTHARD PILOT CONTACT NUMBER:815-
AMERICAN AIRLINES,B-737-800,06/05/15 00:00:00,DC,RONALD REAGAN WASHINGTON NATIONAL ARPT,APPROACH,100,,Unknown bird,1,NONE,N,,Tower,0,"AAL1267, B738 ENCOUNTERED BIRD STRIKE AT 100FT ON FINAL FOR RWY 01. THE PILOT, MARK SIGLEY (301-514-3150) CONTACTED DCA TOWER AND REPORTED NO OBSERVED DAMAGE TO THE AIRCRAFT."
PSA AIRLINES,CRJ100/200,06/05/15 00:00:00,TN,MC GHEE TYSON ARPT,APPROACH,,,Barn swallow,1,NONE,N,,Tower,0,AFTER LANDING JIA5369 REPORTED A BIRD STRIKE ON 1/2 MILE FINAL. THE PILOT  CALLED AND SAID IT WAS A SMALL BARN BIRD AND NO DAMAGE TO THE ACFT.
DELTA AIR LINES,MD-88,06/06/15 00:00:00,SC,CHARLESTON AFB/INTL ARPT,DEPARTURE,,,Gulls,1,NONE,N,,Tower,0,"DAL2575 departed RWY33 and reported hitting one seagull on front windshield, no damage reported. One seagull was found on the runway.  DAL2575 was advised that bird advisories were in effect prior to takeoff."
BUSINESS,C-320,06/06/15 00:00:00,CA,WHITEMAN AIRPORT,LANDING ROLL,0,,Rock pigeon,1,NONE,N,,Tower,0,"N4189T REPORTED BIRDSTRIKE RIGHT WING LEADING EDGE LANDING RUNWAY 12. NEGATIVE DAMAGE REPORTED BY AIRCRAFT. SPECIES TYPE PIGEON, DEBRIS OR REMAINS REMOVED UPON RUNWAY INSPECTION. "
JETBLUE AIRWAYS,A-320,06/07/15 00:00:00,PR,LUIS MUNOZ MARIN INTL,LANDING ROLL,0,,Unknown bird,1,NONE,N,,Tower,0,JBU275 AN A320 REPORTED A BIRD STRIKE WHILE LANDING RUNWAY 10. JBU275 LANDED SAFELY AND TAXIED TO THE RAMP. NO DAMAGE TO THE AIRCRAFT REPORTED.
UNITED AIRLINES,B-737,06/07/15 00:00:00,WA,SEATTLE-TACOMA INTL,,,,Barn owl,1,NONE,N,,Tower,0,UAL1157 ARRIVED RY34L AND REPORTED A BIRD STRIKE AFTER EXITING. POS CONDUCTED A RUNWAY INSPECTION AND DISCOVERED THE REMAINS OF A BARN OWL. UAL OPERATIONS REPORTED NO DAMAGE.
SOUTHWEST AIRLINES,B-737,06/08/15 00:00:00,MO,LAMBERT-ST LOUIS INTL,TAKE-OFF RUN,0,,Unknown bird,1,NONE,N,,Tower,0,SWA123 SAID HE MIGHT HAVE HIT A BIRD AT LIFTOFF. THE BIRD STRIKE WAS CONFIRMED WITH THE CITY.
,C-208,06/08/15 00:00:00,FL,NORTHWEST FLORIDA BEACHES INTL,APPROACH,,,Unknown bird,1,NONE,N,,Tower,0,LTD434 (IFR) REPORTED POSSIBLE BIRD STRIKE AT 1/2 MILE FINAL TO RUNWAY 16. PILOT FOUND FEATHERS ON THE AIRCRAFT AFTER LANDING . LTD434 LANDED SAFELY AND TAXIED TO PARKING. NO BASHER STATEMENT GIVEN.
EXPRESSJET AIRLINES,CRJ100/200,06/09/15 00:00:00,TN,TRI-CITIES REGIONAL TN/VA ARPT,CLIMB,,,Unknown bird,1,NONE,N,,Tower,0,ASQ5171 REPORTED A BIRD STRIKE ON ROTATION. NO SIGNIFICANT DAMAGE. THE FLIGHT CONTINUED TO ATL.
EXPRESSJET AIRLINES,CRJ700,06/10/15 00:00:00,MO,KANSAS CITY INTL,CLIMB,,,Unknown bird - small,1,NONE,N,,Tower,0,ASQ5258 OUTBOUND TO KLGA REPORTED HITTING A SMALL BROWN BIRD DURING ROTATION OVER RUNWAY 19R. AIRCRAFT CONTINUED ENROUTE TO DESTINATION. A210 NOTIFIED.  
BUSINESS,EXPERIMENTAL,06/10/15 00:00:00,CA,LIVERMORE MUNICIPAL ARPT,APPROACH,,,Unknown bird,1,NONE,N,,Tower,0,N84749 WAS ON A HALF MILE FINAL FOR RWY 25L WHEN THE PILOT REPORTED A BIRD STRIKE. N749 LANDED SAFELY WITHOUT INCIDENT AND LATER REPORTED NO DAMAGE.
BUSINESS,CITATION EXL,06/11/15 00:00:00,AL,BIRMINGHAM-SHUTTLESWORTH INTL,APPROACH,1100,,Unknown bird,1,NONE,N,,Tower,0,Aircraft was on final for landing on runway 20. At approximately 1100ft AGL a bird hit the leading edge of the right wing of the aircraft. No damage or injury was reported.
ABX AIR,B-767-200,06/11/15 00:00:00,TX,VALLEY INTL,LANDING ROLL,0,,Unknown bird,1,NONE,N,,Tower,0,"ABX921 REPORTED BIRD STRIKE ON LANDING ROLLOUT RY 17R, NO DAMAGE REPORTED."
EXPRESSJET AIRLINES,EMB-145,06/12/15 00:00:00,TX,LAREDO INTL,LANDING ROLL,0,,Unknown bird,1,Aborted Take-off,N,,Tower,0,"REPORTED BIRD STRIKE ON DEPARTURE ROLL, ABORTED TAKEOFF, TAXIED BACK INTO PARKING NO DAMAGE REPORTED."
GOJET AIRLINES,CRJ700,06/12/15 00:00:00,NY,LA GUARDIA ARPT,CLIMB,400,,Unknown bird,1,NONE,N,,Tower,0,N90 SECTOR ADVISED THAT GJS6247 CRJ7 HAD A BIRD STRIKE AT 400FT ON DEPARTURE. AT THE TIME OF THE BIRD STRIKE GJS6247 WAS ON 120.4 FREQUENCY.
SPIRIT AIRLINES,A-321,06/12/15 00:00:00,PR,LUIS MUNOZ MARIN INTL,TAKE-OFF RUN,0,,Unknown bird,1,NONE,N,,Tower,0,NKS892 REPORTED A BIRD STRIKE OFF THE DEPARTURE END OF RWY8.  HE REPORTED HITTING THE BIRD ON DEPARTURE ROLL 1000FT DOWN THE RWY.  THE AIRCRAFT CONTINUED ON TO HIS DESTINATION.  
DELTA AIR LINES,B-737-800,06/12/15 00:00:00,UT,SALT LAKE CITY INTL,LANDING ROLL,0,,Unknown bird,1,NONE,N,,Tower,0,"DAL2239 WHILE ROLLING OUT REPORTED A POSIBLE BIRD STRIKE 3,000 FEET DOWN THE RUNWAY. OPS60 WAS NOTIFIED AND INSPECTED THE RUNWAY. DAL2239 WILL CALL THE TOWER IF THERE WAS ANY DAMAGE."
DELTA AIR LINES,MD-88,06/13/15 00:00:00,KY,CINCINNATI/NORTHERN KENTUCKY INTL ARPT,APPROACH,,,Unknown bird,1,NONE,N,,Tower,0,DAL228 A MD88 LANDING RWY 18L HAD A BIRD STRIKE ON THE NOSE OF THE AIRCRAFT. PILOT REPORTED NO DAMAGE TO THE AIRCRAFT.
SOUTHWEST AIRLINES,B-737,06/13/15 00:00:00,CA,JOHN WAYNE-ORANGE COUNTY ARPT,APPROACH,1700,,Unknown bird - medium,1,NONE,N,,Tower,0,"SWA1468 REPORTED A BIRD STRIKE TO CD1. THE PILOT ADVISED THAT HE WAS @ 1700'/3 MILE FINAL WHEN HE ENCOUNTERED A BIRD OF MEDIUM SIZE.  THE PILOT WAS ASKED IF THERE WAS ANY DAMAGE TO THE AIRCRAFT, HE STATED THAT HE DIDNT KNOW. "
MESA AIRLINES,EMB-170,06/15/15 00:00:00,TX,GEORGE BUSH INTERCONTINENTAL/ HOUSTON ARPT,APPROACH,,,Unknown bird,1,NONE,N,,Tower,0,ASH3789 BIRDSTRIKE ON LANDING RY 8R. NO DAMAGE.
REPUBLIC AIRLINES,EMB-170,06/15/15 00:00:00,NY,ALBANY INTL,TAKE-OFF RUN,0,,Unknown bird - small,1,NONE,N,,Tower,0,RPA4518 DEPARTED RY19 AT ALB. ON DEPARTURE ROLL THE PILOT ADVISED THAT THEY HAD STRUCK A SMALL BLACK BIRD NEAR THE INTERSECTION OF RY19 AND RY28. THE PILOT DID NOT SUSPECT ANY DAMAGE AND CONTINUED ON COURSE TO PHL.
AMERICAN AIRLINES,B-757-200,06/15/15 00:00:00,VI,HENRY E ROHLSEN ARPT,APPROACH,,,Unknown bird,1,NONE,N,,Tower,0,AAL943 REPORTED A BIRD STRIKE WHEN LANDING AT TIST AT 1821Z. THE FLIGHT WAS NOT EFFECTED. NO DAMAGE REPORTED.
PSA AIRLINES,CRJ900,06/16/15 00:00:00,TX,AUSTIN-BERGSTROM INTL,APPROACH,,,Unknown bird,1,NONE,N,,Tower,0,"LANDING RWY 35R JIA5365 REPORTED A BIRD STRIKE, NO DAMAGE REPORTED."
AMERICAN AIRLINES,MD-80,06/16/15 00:00:00,TX,AUSTIN-BERGSTROM INTL,APPROACH,,,Unknown bird,1,NONE,N,,Tower,0,"LANDING RWY 35L AAL399 REPORTED A BIRD STRIKE, NO DAMAGE REPORTED."
SOUTHWEST AIRLINES,B-737,06/16/15 00:00:00,TX,AUSTIN-BERGSTROM INTL,DEPARTURE,,,Unknown bird,1,NONE,N,,Tower,0,SWA454 DEPARTED RWY 35R AND REPORTED A BIRD STRIKE OVER THE DEPARTURE END OF THE RWY. NO DAMAGE REPORTED.
DELTA AIR LINES,MD-80,06/16/15 00:00:00,FL,TAMPA INTL,APPROACH,1000,,Unknown bird,1,NONE,N,,Tower,0,PILOT OF DAL1835 ADVSD BIRD STRIKE AT 1000 FT ON A 2 1/2 MILE FINAL. PILOT WILL CALL IF DAMAGES PRESENT. HCAA ADVSD. PILOT CALLED TO SAY IT STRUCK LEADING EDGE OF RGT WING WITH NO DAMAGES.
AIR WISCONSIN AIRLINES,CRJ100/200,06/16/15 00:00:00,OH,PORT COLUMBUS INTL,APPROACH,,,Unknown bird - small,1,NONE,N,,Tower,0,AWI4044 REPORTED HITTING A SMALL BLACK BIRD WHILE LANDING RWY28R.
GOJET AIRLINES,CRJ700,06/17/15 00:00:00,SC,CHARLESTON AFB/INTL ARPT,DEPARTURE,,,Unknown bird,1,NONE,N,,Tower,0,GJS3694 DEPARTING RY33 AT CHS HAD A BIRDSTRIKE.
SKYWEST AIRLINES,CRJ900,06/17/15 00:00:00,ND,BISMARCK MUNICIPAL ARPT,TAKE-OFF RUN,0,,Unknown bird,1,NONE,N,,Tower,0,"STRUCK SMALL BIRD ON TAKEOFF, NO ISSUES, CONTINUED ON TO MSP."
SHUTTLE AMERICA,EMB-145,06/17/15 00:00:00,OH,PORT COLUMBUS INTL,APPROACH,,,Unknown bird,2-10,Other,N,,Tower,0,"TCF4209, AND E145, EXECUTED A GO AROUND WHILE ON SHORT FINAL FOR RWY 28R.  PILOT REPORTED TOO MANY BIRDS AND ADVISED THEY MAY HAVE HIT ONE OR TWO ON THE CLIMBOUT.  AIRPORT AUTHORITY WAS CALLED TO INSPECT RWY.  TCF4209 THEN LANDED RWY 28L AND REPORTED A BI"
BUSINESS,PA-34 SENECA,06/18/15 00:00:00,GA,DEKALB-PEACHTREE ARPT,LANDING ROLL,0,,Unknown bird,1,NONE,N,,Tower,0,"PILOT OF N200WS REPORTED BIRD STRIKE AFTER LANDING RY 21R. 
PILOT ADVISED GROUND CONTROL THAT THE STRIKE OCCURED ON RY 21R JUST PAST TWY BRAVO. 
NO DAMAGE INFORMATION WAS GIVEN. 
PILOT INFORMATION: TIM REESE, 678-536-6876 
AT 2327Z, PILOT OF N200WS ADVISE"
DELTA AIR LINES,MD-88,06/18/15 00:00:00,SC,CHARLESTON AFB/INTL ARPT,DEPARTURE,,,Unknown bird,1,NONE,N,,Tower,0,DAL2575 A MD88 WAS DEPARTING RY33 AT CHS AND HAD A BIRD STRIKE.  DAL2575 CONTINUED HIS FLIGHT. DAMAGE UNKNOWN.
EXPRESSJET AIRLINES,EMB-145,06/19/15 00:00:00,OK,TULSA INTL,LANDING ROLL,0,,Unknown bird,1,NONE,N,,Tower,0,PILOT REPORTED BIRD STRIKE AFTER LANDING RWY 36R AND DID NOT REPORT ANY DAMAGE.  TAA ADVISED BY TOWER.
BUSINESS,GULFSTREAM G 280,06/19/15 00:00:00,GA,DEKALB-PEACHTREE ARPT,DEPARTURE,,,Unknown bird - small,1,NONE,N,,Tower,0,N604D departed RWY 21L and reported a bird strike during rotation. The pilot advised they didn't require any assistance and they were continuing on to there destination. They advised they would call back after they look at the airplane. Airport vehicle Un
UNITED AIRLINES,B-757-300,06/18/15 00:00:00,HI,KAHULUI ARPT,LANDING ROLL,0,,Gulls,1,NONE,N,,Tower,0,UAL1182 REPORTED STRIKING A BIRD (APPEARED TO PILOT TO BE A SEAGULL) WITH AIRCRAFT NOSE ON LANDING ROLL TO RUNWAY 2. AOC COMPLETED RUNWAY INSPECTION AND RETRIEVED BIRD CARCASS. PILOT REPORTED NO EFFECT ON FLIGHT AND NO DAMAGE TO A/C.
DELTA AIR LINES,B-737-900,06/19/15 00:00:00,UT,SALT LAKE CITY INTL,APPROACH,,,Unknown bird,1,NONE,N,,Tower,0,BIRD STRIKE REPORTED ON 1/4 MILE FINAL BY DAL89. NO DAMAGE TO THE AIRCRAFT.
DELTA AIR LINES,A-320,06/20/15 00:00:00,UT,SALT LAKE CITY INTL,LANDING ROLL,0,,Unknown bird,1,NONE,N,,Tower,0,DAL1459 REPORTED A BIRD STRIKE WHILE ROLLING OUT ON RWY16R. BIRD REMAINS WERE FOUND AND REMOVED BY AIRPORT OPS. NO AIRCRAFT DAMAGE REPORTED.
GOVERNMENT,C-206 STATIO,06/21/15 00:00:00,NE,EPPLEY AIRFIELD,,3000,,Unknown bird - medium,1,NONE,N,,Tower,0,N1756L MANUEVERING 7 MILES WEST OF OMA AT 3000' REPORTED BIRD STRIKE ON A WING STRUT WITH NO KNOWN DAMAGE. PILOT DID NOT GET A REAL GOOD LOOK AT THE BIRD BUT STATED IT WAS NOT QUITE AS BIG AS A DUCK. N1756L CONTINUED WITH HIS MISSION AND EVENTUALLY RETURN
ENVOY AIR,EMB-145,06/21/15 00:00:00,TX,SAN ANGELO REGNL ARPT/MATHIS FIELD,LANDING ROLL,0,,Unknown bird,1,NONE,N,,Tower,0,ENY3571 HIT A SMALL BIRD ON LANDING ROLL OUT.
MESA AIRLINES,CRJ900,06/22/15 00:00:00,TX,CORPUS CHRISTI INTL ARPT,TAKE-OFF RUN,0,,Gulls,1,NONE,N,,Tower,0,"ASH5770 CRJ9 ON TAKE OFF ROLL HIT A SEAGULL, NO DAMAGE REPORTED. AIRCRAFT CONTINUED TO DFW."
DELTA AIR LINES,B-737-900,06/23/15 00:00:00,UT,SALT LAKE CITY INTL,LANDING ROLL,0,,Unknown bird,1,NONE,N,,Tower,0,DAL2083 CALLED THE GCW CONTROLLER FROM HIS GATE AND ADVISED THAT HE STRUCK A BIRD ON RWY 16R ON LANDING ROLL. NO DAMAGE REPORTED. ACN.
SHUTTLE AMERICA,EMB-170,06/24/15 00:00:00,CO,DENVER INTL AIRPORT,LANDING ROLL,0,,Unknown bird,1,NONE,N,,Tower,0,"TCF3482, BIRDSTRIKE TOUCH DOWN RWY 17R. NO DAMAGE REPORTED. LC2, FREQUENCY 133.3."
BUSINESS,BE-55 BARON,06/24/15 00:00:00,MA,BEVERLY MUNICIPAL ARPT,CLIMB,200,,Unknown bird - small,1,NONE,N,,Tower,0,N815BF DEPARTING RWY34 PASSING THROUGH 200FT HAD BIRD STRIKE (SPARROW) ON WINDSHEILD. NO DAMAGE. NO OTHER BIRDS OBSERVED BEFORE OR AFTER THE INCIDENT.
US COAST GUARD,HELICOPTER,06/24/15 00:00:00,CA,CHINO AIRPORT,,,,Unknown bird,1,NONE,N,,Tower,0,"A/C REPORTED BIRD STRIKE 4 MILES WEST OF AIRPORT, ALT 017 INDICATED, NO ASSISTANCE REQUIRED."
SKYWEST AIRLINES,CRJ100/200,06/23/15 00:00:00,,UNKNOWN,DEPARTURE,3500,,Unknown bird,1,NONE,N,,Tower,0,"Delayed entry:  Single bird strike on departure at 3500'.  Non-emergency, no apparent damage.  Pilot decided to continue to SBP.  ZOA notified. DATA ENTRY NOTE: ORIGINATING AIRPORT UNKNOWN BUT NCT TRACON COVERS NORTHERN CA AND DESTINATION ARPT ALSO IN CA."
BUSINESS,PA-34 SENECA,06/24/15 00:00:00,OK,ARDMORE MUNICIPAL,APPROACH,,,Unknown bird - small,1,NONE,N,,Tower,0,"N41711 short final RWY 17, a single small bird struck propeller. No damage. "
BUSINESS,C-172,06/24/15 00:00:00,TX,FORT WORTH ALLIANCE,Approach,,,Unknown bird,1,NONE,N,,Tower,0,"N425DB, A C172, IN CLOSED TRAFFIC TO RUNWAY 16R REPORTED A BIRDSTRIKE AND A DEAD BIRD ON THE APPROACH END OF THE RUNWAY. ALLIANCE AIR SERVICES WAS NOTIFIED AND NO BIRD WAS FOUND. NO DAMAGE TO THE AIRCRAFT EXCEPT BLOOD AND FEATHERS FROM THE BIRD."
BUSINESS,CL-600,06/25/15 00:00:00,GA,DEKALB-PEACHTREE ARPT,LANDING ROLL,0,,Unknown bird,2-10,NONE,N,,Tower,0,"DURING ROLLOUT LANDING RY 21L, PILOT OF N527JA REPORTED MULTIPLE BIRD STRIKES DURING LANDING. PILOT CALLED VIA TELEPHONE AT 2326z.
PILOT ADVISED THAT THE LEFT WING ROOT TOOK A BIRD STRIKE AND DEBRIS WAS FOUND IN THE LEFT LANDING GEAR.
PILOT REPORTED NO VI"
JETBLUE AIRWAYS,A-320,06/26/15 00:00:00,FL,PALM BEACH INTL,LANDING ROLL,0,,Unknown bird,1,NONE,N,,Tower,0,"At 2248Z as they were taxiing into the ramp after landing runway 10L, JBU1161, an A320, reported to the Ground Controller that they had struck a bird 500ft down the runway as they rolled out. We immediately passed the information to the Approach Controlle"
BUSINESS,MD-83,06/26/15 00:00:00,MO,SPRINGFIELD-BRANSON NATIONAL,APPROACH,,,Unknown bird,1,NONE,N,,Tower,0,"BBG TOWER NOTIFIED SGF RE OF ORN704 BIRDSTRIKE.  SMALL BIRD HIT WIND SHIELD ON LANDING. NO INJURIES.  PILOTS INSPECTING AIRCRAFT, DAMAGE UNKNOWN AT THIS TIME."
UNITED AIRLINES,A-319,06/26/15 00:00:00,IA,DES MOINES INTL,APPROACH,600,,Unknown bird,1,NONE,N,,Tower,0,PILOT REPORTED A BIRD STRIKE AFTER TAXING TO THE GATE.  A SMALL BIRD IMPACTED THE A/C JUST ABOVE THE FLIGHT DECK ON FINAL TO R23 AT 600 AGL.  NO DAMAGE REPORTED.
FEDEX EXPRESS,DC-10,06/27/15 00:00:00,CA,SAN FRANCISCO INTL ARPT,LANDING ROLL,0,,Unknown bird,1,NONE,N,,Tower,0,FDX1545 reported a bird strike on landing rollout Rwy 28R. Airport ops recovered unidentifiable bird remnants on Rwy 28R. Pilot did not see any aircraft damage.
EXPRESSJET AIRLINES,EMB-145,06/27/15 00:00:00,TX,GEORGE BUSH INTERCONTINENTAL/ HOUSTON ARPT,APPROACH,,,Unknown bird,1,NONE,N,,Tower,0,ASQ4155 BIRDSTRIKE LANDING RUNWAY 26R NEGATIVE DAMAGE.
AIR WISCONSIN AIRLINES,CRJ100/200,06/28/15 00:00:00,DC,RONALD REAGAN WASHINGTON NATIONAL ARPT,APPROACH,50,,Unknown bird,1,NONE,N,,Tower,0,AWI9370 HAD A BIRD STRIKE 50 FEET ON FINAL LANDING ON RWY 1. THE PILOT STATED THAT THE BIRD HIT THE NOSE OF THE AIRCRAFT. THE PILOT NOTIFIED DCA AFTER INSPECTION OF THE AIRCRAFT THAT THERE WASNT ANY DAMAGE TO THE AIRCRAFT. PILOT NAME: KASPER DUBIJ 757-353
BUSINESS,DA-2000,06/28/15 00:00:00,KY,LOUISVILLE INTL ARPT-STANDIFORD FIELD,TAKE-OFF RUN,0,,Unknown bird,1,NONE,N,,Tower,0,N502BG/F2TH ENCOUNTERED A BIRDSTRIKE ON TAKE-OFF ROLL BETWEEN F AND E4 ON RWY17L.  R41 SWEPT THE RUNWAY AND REMOVED THE BIRD. 
SOUTHWEST AIRLINES,B-737,06/28/15 00:00:00,CA,SACRAMENTO INTL,APPROACH,,,Unknown bird,1,NONE,N,,Tower,0,SWA420 REPORTED A BIRDSTRIKE UPON LANDING RWY 16R. NO DAMAGE.
REPUBLIC AIRLINES,EMB-170,06/29/15 00:00:00,FL,TALLAHASSEE REGIONAL,APPROACH,,,Gulls,2-10,NONE,N,,Tower,0,RPA4397 REPORTED STRIKING 3 TO 5 GULLS OVER THE APPROACH END OF RY 27. NO SIGNIFICANT DAMAGE WAS REPORTED.
BUSINESS,GULFAERO IV,06/28/15 00:00:00,TX,JACK BROOKS REGIONAL ARPT,APPROACH,,,Owls,1,NONE,N,,Tower,0,"N485GM REPORTED STRIKING AN OWL JUST BEFORE TOUCHING DOWN ON THE APPROACH END OF RWY16.  THE PILOT REPORTED THE BIRD STRUCK THE WINDSHIELD, BUT NO DAMAGE WAS DONE TO THE AIRCRAFT."
BUSINESS,B-727,06/29/15 00:00:00,TX,LAREDO INTL,LANDING ROLL,0,,Unknown bird,1,NONE,N,,Tower,0,"KFS729 REPORTED A BIRD STRIKE UP ON LANDING, NO REPORTED DAMAGE."
REPUBLIC AIRLINES,EMB-170,06/29/15 00:00:00,SC,CHARLESTON AFB/INTL ARPT,LANDING ROLL,0,,Unknown bird - small,1,NONE,N,,Tower,0,RPA4610 A E170 LANDING ROLL RY03 HAD A BIRDSTRIKE. ONE SMALL BIRD STRUCK THE WINDSHIELD.
UNITED AIRLINES,B-737-900,06/30/15 00:00:00,CO,DENVER INTL AIRPORT,DEPARTURE,,,Unknown bird - small,1,NONE,N,,Tower,0,PILOT REPORTED HITTING A SMALL BIRD AT ROTATION DEPARTING RY 17R. OPS8 FOUND ONE SMALL BIRD REMAIN ON RY.
BUSINESS,SHORTS 360,07/01/15 00:00:00,PR,LUIS MUNOZ MARIN INTL,LANDING ROLL,0,,Unknown bird,1,NONE,N,,Tower,0,WYM481 WAS ON LANDING ROLL ON RWY 8 AND PASSING TWY S3 HIT A BIRD WITH HIS LEFT PROPELLER. THE PILOT DID NOT REPORT ANY DAMAGE TO THE AC. THE AIRCRAFT TAXIED SAFELY TO THE APRON.
DELTA AIR LINES,A-320,07/01/15 00:00:00,UT,SALT LAKE CITY INTL,APPROACH,,,Unknown bird,1,NONE,N,,Tower,0,"BIRD STRIKE ON FINAL TO SLC. ENGINE #1, BIRD DEBRIS FOUND IN CRITICAL AREA OF ENGINE.  (A/C N#373NW)"
AIR WISCONSIN AIRLINES,CRJ100/200,06/30/15 00:00:00,AL,HUNTSVILLE INTL ARPT-CARL T JONES FIELD,LANDING ROLL,0,,Unknown bird,1,NONE,N,,Tower,0,"AFTER LANDING AWI3921, CRJ2, AND AFTER TAXIING TO THE TERMINAL REPORTED THAT THEY HAD A BIRD STRIKE OVER LANDING THRESHOLD FOR RWY 18R.  PILOT STATED THE BIRD HIT ON THE RIGHT SIDE OF THE AIRCRAFT WITH NO DAMAGE."
BUSINESS,C-172,07/01/15 00:00:00,LA,LAKEFRONT AIRPORT,,,,Unknown bird - small,1,NONE,N,,Tower,0,N2473Z REPORTED STRIKING A SMALL BLACK BIRD WITH HIS PROP DURING A TOUCH AND GO.
EXPRESSJET AIRLINES,EMB-145,07/02/15 00:00:00,TX,BROWNSVILLE/SOUTH PADRE ISLAND INTL ARPT,LANDING ROLL,0,,Unknown bird,1,NONE,N,,Tower,0,"AFTER LANDING, ASQ2627 REPORTED HITTING A BIRD ON THE LANDING FLARE.  "
AIR WISCONSIN AIRLINES,CRJ100/200,08/11/15 00:00:00,SC,CHARLESTON AFB/INTL ARPT,TAKE-OFF RUN,0,,Unknown bird,1,NONE,N,,Tower,0,"AWI3790 (CRJ2) REPORTED BIRD STRIKE ON TAKE OFF ROLL RUNWAY 33, NO FURTHER ASSISTANCE NEEDED."
BUSINESS,C-310,08/11/15 00:00:00,PA,CAPITAL CITY ARPT (PA),LANDING ROLL,0,,Bank swallow,1,NONE,N,,Tower,0,"N7772Q, C310/G, REPORTED BIRD STRIKE ON ROLLOUT RWY 8. PILOT REPORTED NO DAMAGE. ARPT OPS RECOVED ONE DEAD BANK SWALLOW FRON RWY E OF TXY H."
PSA AIRLINES,CRJ100/200,08/11/15 00:00:00,FL,DAYTONA BEACH INTL,DEPARTURE,,,Unknown bird,1,NONE,N,,Tower,0,JIA5317 REPORTED A BIRD STRIKE ON DEPT ROLL ON RY 7L. JIA5317 CONTINUED ON TO KCLT AND ADVISED NO ASSISTANCE NEEDED.
VIRGIN AMERICA,A-319,08/11/15 00:00:00,TX,AUSTIN-BERGSTROM INTL,APPROACH,,,Unknown bird,1,NONE,N,,Tower,0,VRD733 REPORTED BIRDS WHILE ON FINAL FOR RWY17L AND AFTER LANDING THEY INFORMED THE TOWER THAT THEY HID A BIRD AND WOULD CALL IF THEY HAD ANY DAMAGE.
EXPRESSJET AIRLINES,EMB-135,08/12/15 00:00:00,TX,LAREDO INTL,Landing Roll,0,,Unknown bird,1,NONE,N,,Tower,0,REPORTED HITTING BIRD ROLLOUT RUNWAY 17R. NO DAMAGE REPORTED. 
EXPRESSJET AIRLINES,CRJ100/200,08/12/15 00:00:00,TX,LAREDO INTL,Landing Roll,0,,Unknown bird,1,NONE,N,,Tower,0,REPORTED BIRDSTRIKE ROLLOUT RUNWAY 17L.  NO REPORTED DAMAGE. 
BUSINESS,BEECHCRAFT,08/12/15 00:00:00,CA,SANTA MONICA MUNICIPAL,APPROACH,60,,Unknown bird,1,NONE,N,,Tower,0,N300SL STRUCK A SMALL BIRD ON FINAL AT 60FT. NO DAMAGE AND THEY DEPARTED FOR BFL SHORTLY AFTER.
AMERICAN AIRLINES,A-319,08/13/15 00:00:00,FL,PALM BEACH INTL,APPROACH,,,Unknown bird - small,1,NONE,N,,Tower,0,AAL1958 REPORTED A POSSIBLE BIRD STRIKE ON SHORT FINAL TO RUNWAY 28R AT PBI. AFTER LANDING NO DAMAGE REPORTED TO THE AIRPLANE BY FLIGHT CREW. RUNWAY INSPECTION BY AIRPORT OPERATIONS FOUND SMALL BIRD REMAINS AND REMOVED FROM THE AREA.  
BUSINESS,C-182 SKYLAN,08/13/15 00:00:00,FL,KENDALL-TAMIAMI EXECUTIVE ARPT,DEPARTURE,,,Unknown bird - small,1,PRECAUTIONARY LANDING,N,,Tower,0,"N287TC REPORTED A BIRD STRIKE WHILE DEPARTING RWY 9L. THE PILOT REQUESTED TO RETURN TO LAND SO AS TO INSPECT THE AIRCRAFT. N287TC LANDED RWY 9R AND TAXIED TO THE RAMP. UPON INSPECTION, THE PILOT REPORTED NO DAMAGE, BUT HE DID HAVE SOME BLOOD ON THE FUSELA"
ENVOY AIR,EMB-145,09/30/15 00:00:00,WI,LA CROSSE MUNICIPAL AIRPORT,,,,Unknown bird,1,NONE,N,,Tower,0,ENY3345 REPORTED EVIDENCE OF A BIRD STRIKE.
SKYWEST AIRLINES,CRJ100/200,09/30/15 00:00:00,NM,ALBUQUERQUE INTL SUNPORT,LANDING ROLL,0,,Unknown bird - small,1,NONE,N,,Tower,0,SKW2946 REPORTED BIRD STRIKE (SPARROWS) ON LANDING ROOL RWY 21. NO REPORT OF DAMAGE.
FEDEX EXPRESS,DC-10,09/30/15 00:00:00,CA,SACRAMENTO INTL,,,,Unknown bird,1,NONE,N,,Tower,0,PILOT REPORTED STRIKING BIRD 15NM NE OF SMF AT 5000 MSL.  BIRD HIT THE WINDSCREEN.  NO DAMAGE REPORTED.
BUSINESS,BE-36,10/01/15 00:00:00,,RAFAEL HERNANDEZ ARPT,LANDING ROLL,0,,Unknown bird,1,NONE,N,,Tower,0,N59VK REPORTED A BIRD STRIKE ON LANDING ROLL OUT FOR RWY08.NO DAMAGED WAS REPORTED AND NO ASSISTANCE WAS REQUIRED.
SKYWEST AIRLINES,CRJ700,09/30/15 00:00:00,MO,KANSAS CITY INTL,DESCENT,5000,,Unknown bird,1,NONE,N,,Tower,0,"DURING DESCENT TO RUNWAY 1L, SKW6481 REPORTED STRIKING BIRDS AT 5,000 FEET 9 MILES SOUTH OF MCI AROUND THE IAF, WMPOW. NO DAMAGE REPORTED. "
EXPRESSJET AIRLINES,EMB-145,09/30/15 00:00:00,AL,MOBILE REGIONAL,APPROACH,2000,200,Gulls,1,NONE,N,,Tower,0,Pilots reported Striking a bird to LC when on roughly a 6-7 mile final for RWY 33 at MOB. Altitude 2000ft and roughly 200 kts. First Officer reported the strike happened just below and behind the windshield on her side of the aircraft and that the bird wa
BUSINESS,HAWKER 800,10/02/15 00:00:00,TX,DALLAS LOVE FIELD ARPT,APPROACH,,,Unknown bird,1,NONE,N,,Tower,0,N257PL REPORTED BIRD STRIKE ON A 9 MILE FINAL FOR RUNWAY 31R. NO DAMAGE.
DELTA AIR LINES,A-319,10/02/15 00:00:00,GA,HARTSFIELD - JACKSON ATLANTA INTL ARPT,APPROACH,,,Unknown bird,1,NONE,N,,Tower,0,PILOT REPORTED A BIRD STRIKING THE NOSE OF THE AIRCRAFT ON A FOUR MILE FINAL TO RWY 8L WITH UNKNOWN DAMAGE.
PSA AIRLINES,CRJ900,10/04/15 00:00:00,PA,HARRISBURG INTL,DEPARTURE,,,Swallows,1,NONE,N,,Tower,0,"JIA5361 DEPARTED MDT, STRUCK A BIRD HALFWAY DOWN THE RUNWAY.  HAR RADAR CONTROLLER GAVE THE PILOT THE TRACON PHONE NUMBER TO CALL WHEN HE LANDS TO REPORT DAMAGE, IF ANY OCCURRED.  AIRPORT OPERATIONS CONDUCTED A FULL RUNWAY CHECK FOR DEBRIS, FOUND ONE DEAD"
UNKNOWN,UNKNOWN,02/03/10 00:00:00,CT,BRADLEY INTL,,,,Horned lark,2-10,,,,Carcass Found,1,FOUND REMAINS ON APRCH END RWY 6. 715 AM DAWN.
UNKNOWN,UNKNOWN,02/03/10 00:00:00,MA,GENERAL EDWARD LAWRENCE LOGAN INTL ARPT,,,,Horned lark,1,,,,Carcass Found,1,MASSPORT OPS FOUND A HORNED LARK CARCASS ON RWY DURING RWY INSPN. 1040 AM DAY.
SOUTHWEST AIRLINES,B-737-700,01/05/10 00:00:00,CA,SACRAMENTO INTL,Climb,1500,210,Northern pintail,2-10,Precautionary Landing,N,,Pilot,1,"ID BY SMITHSONIAN, FAA 4015, DNA. BOTH AN AMERICAN WIGEON AND A NORTHERN PINTAIL WERE STRUCK. ON INITIAL CLIMB DURING FLAP RETRACTION,. A/C EXITED THE OVERCAST AT APPROX 1400 AGL AND IMMED HIT 2 LRG BIRDS, ONE ON EACH OF THE CAPT'S AND F/O'S FWD WINDSCREEN. PREC LDG. REMAINS COLLECTED, WIPER REPLACED AND WINDSCREEN/FUSELAGE CLEANED.  MX STATED WIPER BLADE/ARM WAS NOT DAMAGED BUT REPLACED TO PREVENT FURTHER DELAY IN THE FLT BY CLEANING THE WIPER PROPERLY."
UNKNOWN,UNKNOWN,03/24/10 00:00:00,OH,RICKENBACKER INTL,,,,American robin,1,,,,Carcass Found,1,NO PIREP. FOUND DURING ROUTINE AIRFLD INSPN. 900 AM DAY.
UNKNOWN,UNKNOWN,03/24/10 00:00:00,PA,HARRISBURG INTL,,,,American kestrel,1,,,,Carcass Found,1,REMAINS FOUND ON RWY. 1910 PM DUSK.
UNKNOWN,UNKNOWN,03/24/10 00:00:00,AZ,PHOENIX SKY HARBOR INTL ARPT,,,,Microbats,1,,,,Carcass Found,1,DEAD BAT FOUND ON RWY 7R N OF C/L NEAR G8 INTXN.
UNKNOWN,UNKNOWN,03/11/10 00:00:00,TX,DALLAS LOVE FIELD ARPT,,,,Mourning dove,1,,,,Carcass Found,1,"ID BY SMITHSONIAN. FAA 4147. WHOLE FEATHER. LOCATED ON TWY A S OF TWY A2, E SIDE OF C/L. DAWN."
UNKNOWN,UNKNOWN,03/12/10 00:00:00,AZ,PHOENIX-MESA GATEWAY,,,,Horned lark,1,,,,Carcass Found,1,"FOUND RWY 30R, RT OF C/L, 5500' DR. 814 AM DAY."
UNKNOWN,UNKNOWN,03/12/10 00:00:00,AZ,PHOENIX SKY HARBOR INTL ARPT,,,,Free-tailed bats,2-10,,,,Carcass Found,1,SIX MEXICAN FREE-TAILED BATS FOUND ON RWY DURING ROUTINE INSPN. NO REPTD STRIKES. 830 AM DAY.
SOUTHWEST AIRLINES,B-737-700,04/04/10 00:00:00,OR,PORTLAND INTL (OR),Approach,2000,180,Unknown bird - small,1,None,N,,Pilot,0,NO DMG. NO INJURIES OR OTHER PERT INFO. FINAL APRCH.
SOUTHWEST AIRLINES,B-737-500,04/04/10 00:00:00,CA,LOS ANGELES INTL,Approach,900,135,Unknown bird - medium,1,None,N,,Pilot,0,FINAL APRCH. BIRD HIT JUST ABOVE F/O WINDSHIELD. SAW THE BIRD JUST PRIOR TO IMPACT AND THOUGHT IT COULD HAVE BEEN A HAWK OR GULL. MX DID NOT COLLECT A SAMPLE FOR IS.
SOUTHWEST AIRLINES,B-737-500,04/04/10 00:00:00,TX,SAN ANTONIO INTL,Approach,2500,190,Unknown bird - large,1,None,M,,Pilot,0,LARGE BIRD IMPACTED NOSE RADOME ON APRCH TO KSAT. 10 MILES N 12R. WE WERE IMC AND DID NOT SEE THE BIRD BUT HEARD A VERY LOUD BANG. POSTFLT INSPN REVEALED A VERY LARGE DENT ON RADOME.
SOUTHWEST AIRLINES,B-737-700,04/04/10 00:00:00,,UNKNOWN,,,,Unknown bird - small,1,None,N,,Pilot,0,DISCOVERED BIRDSTRIKE ON INBOARD PORTION OF LT WING LE DURING PREFLT INSPN DURING CREW CHANGE IN LAX. NO DMG NOTED. MX DID NOT COLLECT A SAMPLE FOR ID.
SOUTHWEST AIRLINES,B-737-700,04/04/10 00:00:00,TX,AUSTIN-BERGSTROM INTL,Approach,2500,180,Unknown bird - small,1,None,N,,Pilot,0,FINAL APRCH. BIRD IMPACTED JUST BELOW WINDSHIELD WIPER. BIRDSTRIKE INSPN AFTER LANDING FOUND NO DMG TO A/C. LOCATION REPTD AS IVNK 353/12.
UNKNOWN,UNKNOWN,04/30/10 00:00:00,TX,GEORGE BUSH INTERCONTINENTAL/ HOUSTON ARPT,,,,Red-tailed hawk,1,,,,Carcass Found,1,DURING ROUTINE INSPN OF RWY 8R/26L. FOUND AND REMOVED CARCASS OF A LARGE RED-TAILED HAWK FROM N OF C/L AT 5800 DRM ON 8R. NO PILOT REPTS OF STRIKES RECVD. 1850 PM DAY.
UNKNOWN,UNKNOWN,04/30/10 00:00:00,TX,GEORGE BUSH INTERCONTINENTAL/ HOUSTON ARPT,,,,Cliff swallow,1,,,,Carcass Found,1,DURING ROUTINE INSPN OF RWY 8R/26L THE CARCASS OF A CLIFF SWALLOW WAS FOUND AND REMOVED FROM S OF C/L NEAR NL HIGH SPEED TWY. NO PILOT REPTS OF STRIKE RECVD. 1850 PM DAY.
UNKNOWN,UNKNOWN,04/30/10 00:00:00,NJ,TETERBORO AIRPORT,,,,Mallard,1,,,,Carcass Found,1,TEB 99 DISCOVERED FOOT OF BIRD ON RWY 24 800 FT S OF TWY C. 0645 AM DAWN.
SKYWEST AIRLINES,EMB-120,03/18/10 00:00:00,CA,SAN FRANCISCO INTL ARPT,Landing Roll,0,90,Black-tailed jackrabbit,1,None,N,,Tower,0,"REPORTED AS RABBITS, ASSUME BLACK-TAILED JACKRABBIT BASED ON LOCATION PER NATALIE REEDER."
SOUTHWEST AIRLINES,B-737-700,03/18/10 00:00:00,CO,DENVER INTL AIRPORT,Landing Roll,0,,Ferruginous hawk,1,,N,,Airport Operations,1,OPS OBSERVED SWA STRIKE BIRD ON T/DD RWY 16R. PILOT REPTD AND RWY INSPN COMPLETED. CARCASS OF FERRUGINOUS HAWK RECVRD AND SPECIES ID BY USDA. NO DMG TO A/C REPTD.
SOUTHWEST AIRLINES,B-737-700,03/18/10 00:00:00,MD,BALTIMORE/WASH INTL THURGOOD MARSHAL ARPT,Approach,5,135,Unknown bird - medium,1,None,N,,,0,"LANDING FLARE. DATA ENTRY NOTE: # STRUCK NOT REPTD, ASSUME 1, SAME AS # SEEN."
SOUTHWEST AIRLINES,B-737-500,03/18/10 00:00:00,OK,WILL ROGERS WORLD ARPT,Take-off run,0,110,Unknown bird - small,1,None,N,,Pilot,0,
SOUTHWEST AIRLINES,B-737-700,01/24/10 00:00:00,CA,SACRAMENTO INTL,Approach,1000,135,Northern pintail,1,None,N,,Airport Operations,1,ID BY SMITHSONIAN. FAA 4158. DNA. NO DMG TO A/C.
AMERISTAR JET CHARTER,B-737-200,01/19/10 00:00:00,TX,AUSTIN-BERGSTROM INTL,Take-off run,0,,Mourning dove,1,None,,,Airport Operations,1,MOURNING DOVE REMAINS REMVD RWY 35R DURING RWY INSPN AFTER AMERISTAR B737 DEPARTURE.
EMPIRE AIRLINES,ATR-42,01/19/10 00:00:00,MT,MISSOULA INTL ARPT,Approach,40,110,Barred owl,1,None,N,,Air Transport Operations,1,"PILOTS DESCRIBE BIRD STRIKING THE CENTER WINDSHIELD STRUT. BLOOD WAS NOTED BUT NO DMG FOUND. BIRD FOUND ""IN TWO PIECES"" ON RWY BY ARPT PERSONNEL. EST COST IN #24 FOR INSPN OF A/C BY COMPANY MX. NO DMG NOTED. LOCATION REPTD AS OVER RWY 29."
JETBLUE AIRWAYS,A-320,01/19/10 00:00:00,FL,ORLANDO INTL,Take-off run,0,,Unknown bird - small,1,None,,,,0,
JETBLUE AIRWAYS,A-320,01/19/10 00:00:00,PR,LUIS MUNOZ MARIN INTL,Landing Roll,0,,Hawks,1,None,,,Tower,1,A/C CONT FLT.
MESA AIRLINES,CRJ100/200,01/19/10 00:00:00,CA,SANTA BARBARA MUNICIPAL,Approach,,,Unknown bird - medium,1,,N,,Other,0,STRUCK A BIRD ON SHORT FINAL RWY 7. NO DMG REPTD.
SOUTHWEST AIRLINES,B-737-500,01/19/10 00:00:00,FL,ORLANDO INTL,Climb,1200,200,Unknown bird - small,1,None,N,,Pilot,1,BIRDS ALWAYS MENTIONED ON THE ATIS BUT NO OTHER WARNING GIVEN. WE REPTD NUMEROUS BIRDS TO TOWER. LOCATION REPTD AS 1 MILE NORTH.
UPS AIRLINES,MD-11,01/19/10 00:00:00,AK,TED STEVENS ANCHORAGE INTL,Approach,200,165,Common raven,2-10,None,N,,Air Transport Operations,0,"BLOOD ON RADOME. UPS EVENT REPT 25068. DISTANCE FROM ARPT REPTD AS 0.5 MILES. APPEARED TO BE A SMALL FLOCK OF RAVENS. # OF BIRD SEEN REPTD AS 10, # OF BIRD STRUCK REPTD AS 2. (REPTD AS RAVEN, ASSUME COMMON RAVEN FROM LOCATION)"
COMAIR AIRLINES,CRJ100/200,04/17/10 00:00:00,KY,CINCINNATI/NORTHERN KENTUCKY INTL ARPT,Take-off run,0,134,Eastern meadowlark,1,None,N,,Tower,1,INTXN OF RWY 27 AND RWY 36C AT ROTATION. REMAINS COLLECTED BY ARFF. PILOT REPTD STRIKE.
CONTINENTAL AIRLINES,B-737-800,04/17/10 00:00:00,NJ,NEWARK LIBERTY INTL ARPT,Landing Roll,0,,American kestrel,1,None,N,,Tower,1,ID BY SMITHSONIAN. FAA 4238. MICRO. PILOT STATES THAT ON T/D HE HEARD A THUD. SMALL SPOT OF BLOOD ON LOWER PART OF NOSE. NO APPARENT DMG.
DELTA AIR LINES,B-767-300,04/17/10 00:00:00,NV,MC CARRAN INTL ARPT,Climb,4000,,Unknown bird - medium,1,,N,,Other,0,AFTER DEPARTING RWY 25R STRUCK A BIRD LEAVING 6000 FT MSL. NO DMG REPTD. FLT CONT TO ATL.
AIRTRAN AIRWAYS,B-737-700,01/09/10 00:00:00,FL,JACKSONVILLE INTL,Take-off run,0,110,Tree swallow,1,None,N,,Airport Operations,1,BIRD REPTD AS HERON (SMALL) BY UNKN REPORTER AND TREE SWALLOW (SMALL) BY ARPT OPS WHO INDICATED REMAINS WERE COLLECTED.
BUSINESS,SIKORSKY S-76,01/09/10 00:00:00,OH,METRO HEALTH MEDICAL CENTER HELIPORT,Descent,1000,135,Unknown bird - medium,1,None,M,1000,Air Transport Operations,0,CRACK IN COMPOSITE TRANSMISSION COWLING.
AMERICAN AIRLINES,MD-83,01/10/10 00:00:00,CA,SACRAMENTO INTL,Approach,,,American wigeon,2-10,None,N,,Airport Operations,1,"ID BY SMITHSONIAN, FAA 4019, DNA.  AIRLINE CREW NOT PRESENT. INFO FROM AIRLINE MX. REMAINS FROM WINDSHLD ARE AMER. ROBIN, REMAINS FROM WING ARE AMER. WIGEON. REMAINS LABELED MISC ARE AMER. WIGEON."
HAWAIIAN AIR,B-717-200,01/10/10 00:00:00,HI,LIHUE ARPT,Landing Roll,0,110,Spotted dove,1,None,N,,Pilot,1,CAPT SAID BIRD LOOKED LIKE A MYNAM. DOVE FOUND ON RWY AT 2000' RM.
SKYWEST AIRLINES,EMB-120,01/10/10 00:00:00,CA,SAN FRANCISCO INTL ARPT,Approach,50,,Gulls,1,None,N,,Tower,1,REMAINS SENT TO SMITHSONIAN ACCORDING TO ARPT REPT BUT THEY WERE NOT RECEIVED.
UNITED AIRLINES,A-320,01/15/10 00:00:00,NY,LA GUARDIA ARPT,Take-off run,0,130,Unknown bird - small,1,None,N,,Air Transport Operations,0,UAL STATION MGR SERRAO REPTDD THEY STRUCK A SMALL UNKNOWN BIRD. FLT CONT TO ORD. NO DMG TO A/. NO CARCASS FOUND. NO SNARGE TAKEN.
BUSINESS,C-172,01/25/10 00:00:00,FL,DAYTONA BEACH INTL,Climb,200,80,Great blue heron,1,Precautionary Landing,N,,Airport Operations,1,SHORTLY AFTER T/O THE A/C STRUCK A GREAT BLUE HERON. THE BIRD WENT THROUGH THE PROP CUTTING THE BIRD IN HALF. PART OF THE BIRD STRUCK THE WINDSHIELD AND RT WING. NO DMG TO A/C.
UNITED AIRLINES,A-319,07/01/15 00:00:00,PA,HARRISBURG INTL,APPROACH,100,,Unknown bird,1,NONE,N,,Tower,0,"BIRD STRIKE OCCURRED ON SHORT FINAL, APPROX. 100' ABOVE GROUND. HIT WINDSCREEN BUT PILOT REPORTED NO DAMAGE. "
EXPRESSJET AIRLINES,EMB-145,07/02/15 00:00:00,SC,GREENVILLE-SPARTANBURG INTL,APPROACH,,,Sparrows,1,NONE,N,,Tower,0,ASQ6025 struck a sparrow on short final to rwy 22 at GSP.  No damage reported.
HORIZON AIR,DHC8 DASH 8,07/03/15 00:00:00,CA,CHARLES M. SCHULZ-SONOMA COUNTY ARPT,TAKE-OFF RUN,0,,Unknown bird - small,1,NONE,N,,Tower,0,"AFTER DEPARTING RWY 14, QXE468 REPORTED A POSSIBLE BIRD STRIKE AFTER A SEEING A FLOCK OF SMALL BIRDS LIFT OUT OF THE INFIELD DURING DEPARTURE ROLL. AIRPORT OPERATIONS CAME OUT AND INSPECTED THE RUNWAY AND FOUND A SINGLE SMALL BIRD. OAK ARTCC WAS NOTIFIED "
JETBLUE AIRWAYS,A-320,07/03/15 00:00:00,PA,PITTSBURGH INTL ARPT,APPROACH,,,Unknown bird,1,NONE,N,,Tower,0,BIRD STRIKE OCCURED AT THE THRESHOLD DURING LANDING.  NO IMPACT TO FLIGHT. LANDED AND TAXIED WITHOUT INCIDENT.
ALLEGIANT AIR,MD-80,07/04/15 00:00:00,FL,ST. PETE-CLEARWATER INTL ARPT,CLIMB,,,Swallows,1,NONE,N,,Tower,0,AAY832 REPORTED A BIRD STRICK SHORTLY AFTER TAKEOFF ON RWY36R.  THE BIRD WAS REPORTED AS A SWALLOW.  NO REPORTED DAMAGE BY THE PILOT.
SKYWEST AIRLINES,CRJ700,07/04/15 00:00:00,CA,SACRAMENTO INTL,CLIMB,,,Unknown bird - small,1,NONE,N,,Tower,0,HIT SMALL BIRD ON ROTATION RWY16L
UNITED AIRLINES,B-777-200,07/05/15 00:00:00,TX,GEORGE BUSH INTERCONTINENTAL/ HOUSTON ARPT,APPROACH,,,Unknown bird,1,NONE,N,,Tower,0,"UAL6, HAD A BIRD STRIKE ON A 1 MILE FINAL RUNWAY 27. ARPT OPS NOTIFIED. "
ALLEGIANT AIR,MD-83,07/05/15 00:00:00,IA,DES MOINES INTL,LANDING ROLL,0,,Unknown bird,1,NONE,N,,Tower,0,AAY988 REPORTED POSSIBLE BIRD STRIKE NEAR NOSE GEAR DURING FLARE RY23 AT DSM.  PILOT REPORTED NO DAMAGE.
JETBLUE AIRWAYS,A-320,07/05/15 00:00:00,CA,SACRAMENTO INTL,APPROACH,200,,Unknown bird,1,NONE,N,,Tower,0,JBU1166 HAD A BIRDSTRIKE 200' AGL LANDING RWY 16L. NO DAMAGE.
AMERICAN AIRLINES,EMB-190,07/07/15 00:00:00,TX,AUSTIN-BERGSTROM INTL,DEPARTURE,,,Unknown bird,1,NONE,N,,Tower,0,"DEPARTING RWY 17L AAL1778 REPORTED STRIKING A BIRD, NO DAMAGE REPORTED."
REPUBLIC AIRLINES,EMB-170,07/07/15 00:00:00,SC,CHARLESTON AFB/INTL ARPT,TAKE-OFF RUN,0,,Unknown bird - small,1,NONE,N,,Tower,0,"RPA4468, E170, RUNWAY21 STRUCK SMALL BIRD ON TAKEOFF NO EFFECT ON FLIGHT."
SOUTHWEST AIRLINES,B-737,07/07/15 00:00:00,NE,EPPLEY AIRFIELD,APPROACH,,,Unknown bird,1,NONE,N,,Tower,0,AIRCRAFT ON FINAL TO RY32L HIT A BIRD ABOVE THE PILOTS WINDOW. NO EFFECT ON THE FLIGHT LANDED WITHOUT INCIDENT. PILOT REPORTED TO DAMAGE. 
PIEDMONT AIRLINES,DHC8 DASH 8,07/08/15 00:00:00,MD,SALISBURY-OCEAN CITY WICOMICO REGNL ARPT,TAKE-OFF RUN,0,,Unknown bird,1,NONE,N,,Tower,0,ACFT STRUCK A SINGLE BIRD UPON ROTATION OF TAKEOFF ROLL RWY 14.
AMERICAN AIRLINES,B-737,07/07/15 00:00:00,NY,LA GUARDIA ARPT,APPROACH,,,Unknown bird,1,NONE,N,,Tower,0,"BIRD STRIKE: AAL1156, B737 ON SHORT FINAL TO RWY 22. ADVISED AAL RAMP TO ASK PILOT TO CALL TOWER."
BUSINESS,HAWKER 800,07/08/15 00:00:00,SC,GREENVILLE-SPARTANBURG INTL,LANDING ROLL,0,,Unknown bird,2-10,NONE,N,,Tower,0,"N97KL, H25B/L WAS LANDING AT GSP RWY 22; HIT TWO SMALL BIRDS AT TOUCHDOWN.  THE PILOT REPORTED NO DAMAGE TO THE AIRCRAFT."
BUSINESS,BE-300 KING,07/08/15 00:00:00,TX,AUSTIN-BERGSTROM INTL,APPROACH,,,Unknown bird,1,NONE,N,,Tower,0,"While on a 10-mile final to RWY 17L, N807UP, BE30, had a bird strike.  He reported no damage, and did not need assistance.  N807UP landed and proceeded to the ramp without further incident."
BUSINESS,AT-72,07/09/15 00:00:00,OK,TULSA INTL,APPROACH,,,Unknown bird,1,NONE,N,,Tower,0,CFS299 reported a bird strike while on an 8 mile final to runway 36R. No damage reported.
SKYWEST AIRLINES,CRJ100/200,07/09/15 00:00:00,IN,FORT WAYNE INTL,APPROACH,1100,,Unknown bird - small,1,NONE,N,,Tower,0,HIT SMALL BLACK BIRD ON FINAL RWY 32 AT 1100'. NO AIRCRAFT DAMAGE.
BUSINESS,C-172,07/10/15 00:00:00,TN,SMYRNA ARPT,APPROACH,,,Unknown bird,1,NONE,N,,Tower,0,Aircraft reported bird strike on approximately 1/2 mile final to runway 32. Pilot landed normally and reported no damage to aircraft. 
BUSINESS,EMB-120,07/11/15 00:00:00,NY,NIAGARA FALLS INTL,APPROACH,,,Barn swallow,1,NONE,N,,Tower,0,ON SHORT FINAL SRY650 STRUCK A BARN SWALLOW. NO DAMAGE TO THE AIRCRAFT WAS REPORTED
HORIZON AIR,DHC8 DASH 8,07/10/15 00:00:00,OR,ROBERTS FIELD ARPT,APPROACH,,,Unknown bird,2-10,NONE,N,,Tower,0,"ON FINAL TO RWY22 AT RDM AIRPORT QXE145 REPORTED A BIRD STRIKE. THE PILOT ELECTED TO CONTINUE WITH THE APPROACH AND LANDED WITHOUT INCIDENT. AFTER LANDING, THE PILOT CALLED ZSE AND REPORTED SMALL TO MEDIUM SIZE BIRDS HIT THE RIGHT HALF OF THE FUSELAGE. NO"
ENDEAVOR AIR,CRJ900,07/11/15 00:00:00,TN,MEMPHIS INTL,APPROACH,600,,Unknown bird,1,NONE,N,,Tower,0,"AT 2055Z, FLG3790 REPORTED A BIRD STRIKE ON FINAL AT 600FT AND APPROXIMATELY A 2 MILE FINAL. FLG3790 TAXIED TO THE GATE AND ADVISED NO DAMAGE TO THE AIRCRAFT."
AMERICAN AIRLINES,MD-82,07/11/15 00:00:00,OK,WILL ROGERS WORLD ARPT,APPROACH,,,Unknown bird,1,NONE,N,,Tower,0,AAL 2441 REPORTED A BIRD STRIKE WHILE LANDING ON RWY 17L.
EXPRESSJET AIRLINES,EMB-145,07/12/15 00:00:00,SC,GREENVILLE-SPARTANBURG INTL,LANDING ROLL,0,,Unknown bird,1,NONE,N,,Tower,0,A/C ON ROLLOUT STRUCK SMALL BIRD ON LEFT SIDE OF WINDSHEILD NO DAMAGE REPORTED
BUSINESS,PA-31 NAVAJO,07/12/15 00:00:00,TX,TEXAS GULF COAST REGIONAL ARPT,DEPARTURE,,,Unknown bird - large,1,NONE,N,,Tower,0,N713WT departed HOU VFR and flew a practice ILS17 approach at LBX.  N713WT departed LBX and reported a bird strike possibly on the landing gear but required no assistance.  N713WT thought the type of bird was a vulture.  N713WT landed runway 4 at HOU with
PSA AIRLINES,CRJ700,07/13/15 00:00:00,GA,SAVANNAH/HILTON HEAD INTL ARPT,CLIMB,,,Unknown bird,1,NONE,N,,Tower,0,JIA5043 REPORTED A POSSIBLE BIRD STRIKE UPON ROTATION FROM RWY28. CONFIRMED BY AIRPORT VEHICLE. PILOT INFORMED. 
BUSINESS,C-172,07/14/15 00:00:00,OK,RICHARD LLOYD JONES JR ARPT,APPROACH,,,Unknown bird,1,Other,N,,Tower,0,"N869CP, under the local callsign Spartan56, upon landing 19L reported a bird strike. The aircraft engine stalled after the strike and the aircraft had to be towed back to parking. No injuries were reported."
BUSINESS,BE-200 KING,07/15/15 00:00:00,SC,CHARLESTON AFB/INTL ARPT,TAKE-OFF RUN,0,,Unknown bird - medium,1,Aborted Take-off,N,,Tower,0,"ON TAKE OFF ROLL, N56DA HIT A MEDIUM SIZED BIRD. N56DA ABORTED TAKE OFF AND EXITED THE RUNWAY WITH NO ISSUE AND TAXIED BACK TO THE RAMP TO CHECK FOR DAMAGE."
BUSINESS,EXPERIMENTAL,07/16/15 00:00:00,KY,BOWMAN FIELD,TAKE-OFF RUN,0,,Unknown bird,1,NONE,N,,Tower,0,"N43016(CLASSIC1) , WACO, DEPARTING RY 24, REPORTED BIRD STRIKE ON UPPER WING OF BIPLANE BY SMALL BIRD ON TAKEOFF. AIRCRAFT REPORTED NO DAMAGE, AND CONTINUED ON FLIGHT."
SKYWEST AIRLINES,CRJ700,07/16/15 00:00:00,TX,GEORGE BUSH INTERCONTINENTAL/ HOUSTON ARPT,LANDING ROLL,0,,Unknown bird,2-10,NONE,N,,Tower,0,SKW5218 REPORTED STRIKING 2-3 SMALL BIRDS ON THE FLARE FOR RWY 26R.  WILL CALL THE TOWER IF THERE IS ANY DAMAMGE.  
ALASKA AIRLINES,B-737-800,07/17/15 00:00:00,AK,JUNEAU INTL ARPT,CLIMB,,,Unknown bird,1,NONE,N,,Tower,0,"ASA 76 DEPARTED JNU AT 2225Z.  SHORTLY AFTER, ALASKA AIRLINES OPS CALLED AND REPORTED THAT ASA 76 HIT A BIRD ON CLIMBOUT.  PILOT REPORTED HEARING A ""THUNK"" ON THE FORWARD FUSELAGE AND WAS CONTINUING TO SEA."
AIR WISCONSIN AIRLINES,CRJ100/200,07/17/15 00:00:00,SC,CHARLESTON AFB/INTL ARPT,LANDING ROLL,0,,Unknown bird,1,NONE,N,,Tower,0,"BIRD STRIKE ON LANDING ROLL, SMALL WHITE BIRD, NO DAMAGE.  PILOT RPTD BIRD IN SITE ""THOUGHT THAT THE BIRD WOULD MOVE, BUT DIDN'T"""
SPIRIT AIRLINES,A-320,07/17/15 00:00:00,SC,MYRTLE BEACH INTL,DEPARTURE,,,Unknown bird,1,NONE,N,,Tower,0,NKS714 REPORTEED A BIRD STRIKE ON DEPARTURE THE AIRCRAFT SUFFERED NO DAMAGE AND CONTINUED ON TO PHL.
AIR WISCONSIN AIRLINES,CRJ100/200,07/17/15 00:00:00,PA,PHILADELPHIA INTL,APPROACH,,150,Unknown bird,1,NONE,N,,Tower,0,"AWI3837, CRJ2, REG # N446AW HAD A BIRDSTRIKE AT APPROX 150 FT ON FINAL RUNWAY 26. THERE WAS NO EFFECT ON THE FLIGHT. THE AIRCRAFT LANDED AND TAXIIED TO THE GATE WITHOUT INCIDENT. PILOT REPORTED NO DAMAGE TO THE AIRCRAFT."
REPUBLIC AIRLINES,EMB-170,07/17/15 00:00:00,PA,PHILADELPHIA INTL,LANDING ROLL,0,,Unknown bird,1,NONE,N,,Tower,0,"RPA4590, E170, REG # N123HQ REPORTED A BIRDSTRIKE WHILE ROLLING OUT ON RUNWAY 27R. THERE WAS NO EFFECT ON THE FLIGHT AND THE AIRCRAFT TAXIIED TO THE GATE WITHOUT INCIDENT. PILOT STATED THERE WAS NO DAMAGE TO THE AIRCRAFT."
BUSINESS,GULFAERO IV,07/18/15 00:00:00,LA,LAFAYETTE REGIONAL,APPROACH,50,,Unknown bird,1,NONE,N,,Tower,0,N55DW EXPERIENCED A BIRD STRIKE OVER THRESHOLD RUNWAY 22L DURING LANDING. SURFACE TO 50 FEET AGL.
GOVERNMENT,C-182 SKYLAN,07/18/15 00:00:00,CO,PUEBLO MEMORIAL ARPT,CLIMB,,,Unknown bird,1,PRECAUTIONARY LANDING,N,,Tower,0,CAP555 departed RWY 26L. Shortly after takeoff roll he hit a small bird and requested to return to land. CAP555 landed RWY 26L without further incident and taxied to parking. No damage reported.
SKYWEST AIRLINES,CRJ100/200,07/19/15 00:00:00,KY,CINCINNATI/NORTHERN KENTUCKY INTL ARPT,LANDING ROLL,0,,Unknown bird,1,NONE,N,,Tower,0,SKW4631 REPORTED A BIRDSTRIKE AS THEY WERE EXITING RY36C. PILOT SAID THEY HIT THE BIRDS JUST AFTER LANDING. CFR CONDUCTED A RUNWAY CHECK AND REMOVED THE FOD. TOWER ASKED THE PILOT TO REPORT ANY DAMAGE OR INJURY AND RECEIVED NO NEGATIVE REPORT. 
PSA AIRLINES,CRJ100/200,07/19/15 00:00:00,SC,GREENVILLE-SPARTANBURG INTL,APPROACH,30,,American robin,1,NONE,N,,Tower,0,PILOT OF JIA5275 REPORTED A BIRD STRIKE TO LOCAL CONTROL AFTER LANDING GSP RUNWAY 4. PILOT ESTIMATED BIRD STRIKE ON SHORT FINAL APPROXIMATELY 30 FEET ABOVE GROUND LEVEL. NO DAMAGE OR INJURIES REPORTED. PILOT ADVISED BIRD APPEARED TO BE SMALL SPECIES. GSP 
BUSINESS,BE-90 KING,07/19/15 00:00:00,NC,COASTAL CAROLINA REGIONAL ARPT,,,,Unknown bird,1,NONE,N,,Tower,0,N1310T BE9L/G REPORTED BIRD STRIKE TO LANDING GEAR. NO DAMAGE REPORTED. ACN.
BUSINESS,BE-35,07/19/15 00:00:00,MS,GOLDEN TRIANGLE REGIONAL,APPROACH,,,Unknown bird,1,Precautionary Landing,N,,Tower,0,"N366P, BE35, HAD A BIRD STRIKE ON APPROACH AT HAB AND DIVERTED TO GTR. AIRCRAFT LANDED SAFELY AT 2108 WITH NO DAMAGE TO THE AIRCRAFT."
BUSINESS,C-172,07/20/15 00:00:00,TX,ARLINGTON MUNICIPAL ARPT (TX),APPROACH,,,Unknown bird,1,NONE,N,,Tower,0,N75602 C172 REPORTED A BIRD STRIKE ON 1/4SM FINAL TO RWY 16.  AIRCRAFT LANDED WITHOUT INCIDENT AND REPORTED NO DAMAGE TO THE AIRCRAFT. 
SILVER AIRWAYS,SAAB-340,07/21/15 00:00:00,FL,KEY WEST INTL ARPT,APPROACH,,,Unknown bird,1,NONE,N,,Tower,0,SIL56 A SF34 STRUCK A SMALL BIRD ON THE NOSE OF THE AIRCRAFT WHILE LANDING RY27.
PIEDMONT AIRLINES,DHC8 DASH 8,07/20/15 00:00:00,PA,HARRISBURG INTL,,,,Unknown bird or bat,2-10,NONE,N,,Tower,0,AIRCRAFT HIT EITHER A FEW SMALL BLACK BIRDS OR BATS. NO DAMAGE REPORTED.
EXPRESSJET AIRLINES,EMB-145,07/21/15 00:00:00,KY,BLUE GRASS ARPT,APPROACH,,,Unknown bird,2-10,NONE,N,,Tower,0,REPORTED MULTIPLE BIRDSTRIKES ON SHORT FINAL. NO DAMAGE TO THE AIRCRAFT. 
UNITED AIRLINES,B-737-800,07/20/15 00:00:00,CA,SAN DIEGO INTL,APPROACH,,,Unknown bird,1,NONE,N,,Tower,0,"5 mile final, NO DAMAGE REPORTED. "
DELTA AIR LINES,B-757-200,07/21/15 00:00:00,NM,ALBUQUERQUE INTL SUNPORT,APPROACH,3000,,Unknown bird,1,NONE,N,,Tower,0,DAL1784 REPORTED A BIRD STRIKE (UNKNOWN TYPE) AT 3000 AGL IN THE DOWNWIND FOR RUNWAY 21. A/C CONTINUED FOR RUNWAY 21 AND LANDED WITH NO FURTHER INCIDENT. NO DAMAGE REPORTED.
AMERICAN AIRLINES,A-319,07/21/15 00:00:00,FL,MIAMI INTL,LANDING ROLL,0,,Unknown bird,1,NONE,N,,Tower,0,"AAL2059, A319, REPORTED A POSSIBLE BIRD STRIKE ON LANDING ROLLOUT ON RWY 26R. AAL2059 ADVISED THE GROUND CONTROLLER OF NO KNOWN DAMAGE WHILE TAXIING TO THE RAMP. THE AIRCRAFT PARKED AT GATE E4. RAMP CONTROL CONDUCTED A SWEEP OF RWY 26R AND FOUND A BIRD. "
REPUBLIC AIRLINES,EMB-170,07/22/15 00:00:00,TN,NASHVILLE INTL,CLIMB,,,Unknown bird,1,NONE,N,,Tower,0,"RWY 20C, AT ROTATION HAD BIRD STRIKE, NO EFFECT ON FLIGHT CONTINUED ON TO DESTINATION"
BUSINESS,C-172,07/21/15 00:00:00,CA,RIVERSIDE MUNICIPAL ARPT,APPROACH,1800,,Rock pigeon,1,NONE,N,,Tower,0,"N739YZ, OPERATING AS  ""TRAFFIC WATCH 9YZ,"" CALLED IN AT 0105Z REPORTING A BIRDSTRIKE ON HIS CANOPY. HE SAID THE AIRCRAFT WAS OPERATING NORMALLY AND DID NOT NEED EQUIPMENT STANDING BY. STRIKE OCCURRED APPROXIMATELY 10 MILES SOUTH OF AIRPORT AT 1800 FEET. H"
ALLEGIANT AIR,A-319,07/22/15 00:00:00,TX,MC ALLEN MILLER INTL,LANDING ROLL,0,,Unknown bird,1,NONE,N,,Tower,0,AAY470 ON LANDING ROLE REPORTED A BIRD STRIKE PRIOR TO TAXIWAY A3. AIRPORT OPS WAS NOTIFIED AND THE BIRD WAS RETRIEVED. NO DAMAGE WAS REPORTED.
BUSINESS,PA-38 TOMAHAWK,07/22/15 00:00:00,MI,OAKLAND COUNTY INTL,,,,Unknown bird,1,NONE,N,,Tower,0,N2422P RPTD STRIKE ON 27R @ TWY W. OCIA NTFYD. NO DAMAGE RPTD.
FRONTIER AIRLINES,A-320,07/22/15 00:00:00,TX,AUSTIN-BERGSTROM INTL,APPROACH,,,Unknown bird,1,NONE,N,,Tower,0,FFT212 ON VISUAL APPROACH RWY 17L REPORTED BIRD STRIKE ON LANDING. NO DAMAGE REPORTED. AIRPORT OPS NOTIFIED.
HORIZON AIR,DHC8 DASH 8,07/22/15 00:00:00,WA,YAKIMA AIR TERMINAL/MCALLISTER FIELD,APPROACH,,,Unknown bird,1,NONE,N,,Tower,0,QXE202 ON LANDING ROLLED REPORTED A BIRD STRIKE ON FINAL.  PILOT REPORTED NO DAMAGE TO AIRCRAFT.
BUSINESS,BRITISH AEROSPACE,07/23/15 00:00:00,MO,SPIRIT OF ST LOUIS,DEPARTURE,,,Unknown bird,1,NONE,N,,Tower,0,"N602JF, A JS41, IFR, ADZD HE HAD A BIRD STRIKE ON DPTR ROLL, NO ASSISTANCE REQUIRED, AC CONTINUED ON TO DESTINATION APT. SUS 6 CONDUCTED A RY INSPECTION AND RETREIVED THE DEAD BIRD.
"
BUSINESS,LEARJET-45,07/23/15 00:00:00,TX,ADDISON,APPROACH,,,Unknown bird,2-10,NONE,N,,Tower,0,PILOT REPORTED STRIKING 1 OR 2 BIRDS APPROX 800 FT FROM APPCH END RWY15. PILOT DOESNT THINK ANY DAMAGE WAS DONE BUT WILL CHECK AFTER LANDING.
SKYWEST AIRLINES,CRJ700,07/23/15 00:00:00,SD,JOE FOSS FIELD ARPT,DEPARTURE,,,Unknown bird,1,NONE,N,,Tower,0,"SKW6480 (N767SK) HAD A SMALL BIRD STRIKE THE WINDSHIELD ON DEPARTURE RY15, NEAR THE INTERSECTION OF RY21 JUST PRIOR TO ROTATION. THEY DID NOT REQUIRE ANY ASSISTANCE. NO DAMAGE NOTED. ROC NOTIFIED. "
DELTA AIR LINES,A-319,07/22/15 00:00:00,TX,SAN ANTONIO INTL,APPROACH,,,Unknown bird,1,NONE,N,,Tower,0,"DAL1922, A319, STRUCK A BIRD WHILE ON A 2 MILE FINAL TO RWY 12R.  NO DAMAGE.
** THIS INCIDENT OCCURED ON JULY 23 AT 0450Z AND WILL BE REFERENCED ON THAT LOG.**"
BUSINESS,DA-2000,07/23/15 00:00:00,AR,NW ARKANSAS REGIONAL,DEPARTURE,,,Unknown bird,1,PRECAUTIONARY LANDING,N,,Tower,0,N58NW DEPARTED RY 17 THEN REPORTED BIRD STRIKE ABOUT A 1/2 MILE OFF THE RY.  N58MW RETURNED TO AIRPORT WITHOUT DECLARING AN EMERGENCY AND LANDED SAFELY TO RETURN TO FBO TO CHECK FOR DAMAGE. 
BUSINESS,BEECHCRAFT,07/24/15 00:00:00,,UNKNOWN,En Route,,,Unknown bird,1,NONE,N,,Tower,0,"BB213 (TEX2) REPORTED THAT HE HIT A BIRD, BUT DID NOT KNOW WHEN OR WHERE.  AIRCRAFT REPORT WAS RECEIVED WHEN AIRCRAFT WAS 15 MILES NW OF KNSE.  AIRCRAFT LANDED UNEVENTFULLY, NOT REQUIRING ANY ASSISTANCE."
BUSINESS,B-737,07/23/15 00:00:00,MA,GENERAL EDWARD LAWRENCE LOGAN INTL ARPT,APPROACH,,,Unknown bird,1,NONE,N,,Tower,0,"REPORTED BIRD STRIKE AT 150FT ON FINAL, LANDED RY4R WITHOUT INCIDENT. PILOT WILL CALL TOWER IF THERE IS ANY DAMAGE. N713SY."
EXPRESSJET AIRLINES,CRJ100/200,07/24/15 00:00:00,AL,MONTGOMERY REGIONAL ARPT,DEPARTURE,,,Unknown bird - medium,1,NONE,N,,Tower,0,"THE PILOT ADVISED THAT OFF THE DEPARTURE END OF RUNWAY 28, A MEDIUM SIZED BIRD (BY HIS ESTIMATION) STRUCK JUST ABOVE THE FIRST OFFICERS HEAD IN RELATION TO THE WINDSHIELD. THE AIRCRAFT WAS IN THE CLIMB AND THE FIRST OFFICER ADVISED THAT HE ONLY SAW THE BI"
BUSINESS,C-172,07/24/15 00:00:00,GA,DEKALB-PEACHTREE ARPT,DEPARTURE,,,Unknown bird,1,NONE,N,,Tower,0,THE AIRCRAFT DEPARTED V.F.R. AND REPORTED HITTING A BIRD AT THE DEPARTURE END OFF RUNWAY 3L. THE PILOT INDICATED THAT HE WAS CONTINUING ON TO HIS DESTINATION. 
PSA AIRLINES,CRJ100/200,07/25/15 00:00:00,AL,MONTGOMERY REGIONAL ARPT,APPROACH,10,,Unknown bird - small,1,NONE,N,,Tower,0,JIA5298 (CRJ2) REPORTED A BIRD STRIKE TO THEIR WINDSHIELD BY A SMALL BIRD. THE STRIKE OCCURED ON SHORT FINAL FOR RWY 28 AT APPROX. 10 FT. NO INJURIES OR DAMAGE REPORTED. 
MESA AIRLINES,CRJ700,07/26/15 00:00:00,SC,COLUMBIA METRO,APPROACH,,,Unknown bird - medium,1,NONE,N,,Tower,0,AIRCRAFT HAD A BIRD STRIKE FORM A MEDIUM BLACK BIRD TO THE WINDSHIELD OF THE AIRCRAFT WITH NO DAMAGE ON A THREE MILE FINAL TO CAE. AIRCRAFT LANDED WITH NO PROBLEMS NOTED.
BUSINESS,BE-90 KING,07/26/15 00:00:00,MA,MARTHAS VINEYARD,APPROACH,,,Unknown bird - small,1,NONE,N,,Tower,0,"RLI331 LANDED RUNWAY 24 AND ADVISED TOWER HE HIT A SMALL BIRD (STERLING TYPE) AT THE APPROACH END. NO DAMAGE TO AIRCRAFT, NO FURTHER ASSISTANCE REQUIRED."
JETBLUE AIRWAYS,A-320,07/26/15 00:00:00,FL,PALM BEACH INTL,TAKE-OFF RUN,0,,Unknown bird - small,2-10,NONE,N,,Tower,0,JBU1022 ENCOUNTERED A BIRD STRIKE ON DEPARTURE ROLL AND ABORTED ITS TAKEOFF ROLL. PILOT REPORTED A FLOCK OF SMALL BLACK BIRDS.
ALLEGIANT AIR,A-319,07/26/15 00:00:00,IA,THE EASTERN IOWA ARPT,LANDING ROLL,0,,Unknown bird,1,NONE,N,,Tower,0,"AAY100 arrived on runway 9 and, after landing, reported a bird strike on landing rollout.  The pilot reported no damage to the aircraft.  Aircraft registration: N305NV.  Safety notified and runway inspection was effected."
SOUTHWEST AIRLINES,B-737,07/27/15 00:00:00,SC,GREENVILLE-SPARTANBURG INTL,DEPARTURE,,,Unknown bird - small,1,NONE,N,,Tower,0,SWA2061 B737 HIT A SMALL BIRD 100 FEET OFF THE RUNWAY PILOT CONTINUED WITH FLIGHT.  OPERATIONS NOTIFIED.
AMERICAN AIRLINES,A-320,07/27/15 00:00:00,NC,CHARLOTTE/DOUGLAS INTL ARPT,,,,Unknown bird,1,NONE,N,,Tower,0,"BIRD-STRIKE, AAL1830, A320, RWY23, REPORTED VIA OPS6Y WHEN THEY CAME OUT TO INSPECT RWY 18L.  CDIA ADVISED AT 1310Z THAT AIRCRAFT HAD LANDED AT 1215Z ON RWY 23 NOT RWY 18L.  BIRD INGESTED INTO #2 ENGINE, NO DAMAGE REPORTED.  RAMP SPOKE TO CAPTAIN WHO WASN"
,PA-31 NAVAJO,07/27/15 00:00:00,PA,LANCASTER ARPT (PA),DEPARTURE,,,Unknown bird,1,NONE,N,,Tower,0,AFTER DEPARTURE FDY2251 NOTIFIED TOWER OF BIRD STRIKE ON DEPARTURE. AIRCRAFT CONTINUED TO PIT.  AIRPORT MANAGEMENT NOTIFIED AND BIRD WAS RECOVERED ON RWY 8.
EXPRESSJET AIRLINES,EMB-145,07/27/15 00:00:00,IN,INDIANAPOLIS INTL ARPT,APPROACH,,,Unknown bird,1,NONE,N,,Tower,0,ASQ4149/E145 HAD A BIRD STRIKE WHILE LANDING ON RWY 5R.  AIRPORT OPS NOTIFIED. NO DAMAGE REPORTED.  BIRD NOTIFICATION PLACED ON ATIS.
ULTIMATE JET CHARTERS,DORNIER 328J,07/28/15 00:00:00,OH,CINCINNATI MUNI ARPT-LUNKEN FIELD,APPROACH,,,Unknown bird,1,NONE,N,,Tower,0,UJC339 LANDING RWY21L REPORTED A BIRD STRIKE. DAMAGE UNKNOWN.
SKYWEST AIRLINES,CRJ900,07/27/15 00:00:00,TX,GEORGE BUSH INTERCONTINENTAL/ HOUSTON ARPT,LANDING ROLL,0,,Unknown bird,1,NONE,N,,Tower,0,SKW4725 REPORTED HITTING A BIRD ON ROLLOUT TO RY26R.  (NO DAMAGE REPORTED).
DELTA AIR LINES,A-320,07/28/15 00:00:00,VA,NORFOLK INTL,CLIMB,100,,Eastern meadowlark,1,NONE,N,,Tower,0,At 1108Z DAL1183/A320 reported striking a small Eastern Meadowlark on the left side of the aircraft or left wing while on climbout from RY23 leaving 100 feet AGL.  No effect on flight and no visable damage.  Aircraft continued on to the destination of KAT
NETJETS,CITATION X,07/29/15 00:00:00,OH,PORT COLUMBUS INTL,DEPARTURE,,,Unknown bird,1,NONE,N,,Tower,0,EJA955 DEPARTING RWY 28R STRUCK AN UNKNOWN TYPE BIRD.  NO DAMAGE REPORTED.  AIRPORT OPS ADVISED
BUSINESS,B-767-200,07/28/15 00:00:00,TX,VALLEY INTL,LANDING ROLL,0,,Unknown bird,1,NONE,N,,Tower,0,ABX921 REPORTED BIRDSTRIKE AT TOUCHDOWN ON RWY 17R.  NO DAMAGE REPORTED
ALASKA AIRLINES,B-737,07/29/15 00:00:00,WA,SEATTLE-TACOMA INTL,APPROACH,,,Unknown bird,1,NONE,N,,Tower,0,ASA683 REPORTED A BIRD STRIKE DURING LANDING ON RWY 34L. DAMAGE UNKNOWN.
BUSINESS,C-172,07/30/15 00:00:00,LA,SHREVEPORT DOWNTOWN ARPT,APPROACH,,,Unknown bird,1,NONE,N,,Tower,0,N2173Z WAS ON DOWNWIND RUNWAY 32 AT APPROXIMATELY 1200 MSL REPORTED A BIRD STRIKE.
ENVOY AIR,EMB-145,07/30/15 00:00:00,KS,MANHATTAN REGIONAL,DEPARTURE,,,Killdeer,1,NONE,N,,Tower,0,"2251Z ENY3559, E145, 2 MILES OFF DEPARTURE END OF RWY 21, REPORTED BIRD STRIKE MAY HAVE OCCURRED APPROXIMATELY MIDFIELD DURING DEPARTURE.  ENY3559 REQUESTED NO FURTHER ASSISTANCE AND CONTACTED ZKC EN ROUTE TO DFW. RWY 21 OPERATIONS SUSPENDED. AIRPORT MAIN"
SILVER AIRWAYS,SAAB-340,07/30/15 00:00:00,FL,PENSACOLA INTL ARPT,DEPARTURE,,,Mourning dove,2-10,NONE,N,,Tower,0,"SIL51, ON DEPARTURE RWY 35, SAID THEY MAY OR MAY NOT HAVE STRUCK SOME BIRDS.  AIRPORT OPERATIONS DID A RWY SWEEP AND FOUND 10 DECEASED MORNINGDOVES.  AIRPORT OPERATIONS SAID THEY WOULD NOTIFY THE AIRLINE.  NO DAMAGE REPORTED AND SIL51 CONTINUED ON THEIR F"
BUSINESS,SIRRUS SR 20/22,07/30/15 00:00:00,ME,PORTLAND INTL JETPORT (ME),DEPARTURE,,,Unknown bird,1,NONE,N,,Tower,0,"***THIS WAS NOT AN EMERGENCY - No other MOR field for bird strike ***

N211SJ, a SR22, reported a bird strike at the departure end of RY18. No damage reported. Pilot continued on VFR flightplan. FOD Check completed.

*** THIS WAS NOT AN EMERGENCY ***"
EXPRESSJET AIRLINES,EMB-145,07/30/15 00:00:00,LA,LAFAYETTE REGIONAL,APPROACH,,,Unknown bird,1,NONE,N,,Tower,0,"ASQ2624, E145, LANDING RWY 4R, ENCOUNTERED A BIRD STRIKE AT THE APPROACH END OF THE RWY, SPECIES UNKNOWN, NO DAMAGE REPORTED."
BUSINESS,GULFAERO IV,07/30/15 00:00:00,MA,GENERAL EDWARD LAWRENCE LOGAN INTL ARPT,DEPARTURE,,,Unknown bird,1,NONE,N,,Tower,0,"BIRD STRIKE, N1BX, GLF4, BOS TO DPA. BIRD WAS HIT OFF THE DEPARTURE END OF RY22R, PILOT REPORTED NO DAMAGE TO AIRCRAFT. "
DELTA AIR LINES,B-757-200,07/31/15 00:00:00,UT,SALT LAKE CITY INTL,CLIMB,,,Unknown bird,1,NONE,N,,Tower,0,DAL1783 REPORTED A BIRD STRIKE ON RWY34L DURING ROTATION. NO DAMAGE REPORTED
BUSINESS,CRJ100/200,08/01/15 00:00:00,KY,CINCINNATI/NORTHERN KENTUCKY INTL ARPT,APPROACH,,,Unknown bird - small,1,NONE,N,,Tower,0,GGN7325 CRJ1 BIRD STRIKE SMALL SPARROW LANDING RWY 36R. PILOT REPORTED NO DAMAGE.
JAZZ AVIATION,DHC8 DASH 8,08/01/15 00:00:00,MA,GENERAL EDWARD LAWRENCE LOGAN INTL ARPT,DEPARTURE,,,Unknown bird,1,NONE,N,,Tower,0,JZA7691 DH8A/G DEPARTED RWY 33L AND REPORTED A BIRD STRIKE TO DEPARTURE. THE PILOT REPORTED HITTING THE BIRD AT APPROX 025. CONTINUED TO DESTINATION. WILL CALL ONCE HE LANDS. pILOT SAYS THERE IS NO VISIBLE DAMAGE TO THE A/C AND THE TAIL NUMBER IS N843
SKYWEST AIRLINES,CRJ100/200,07/31/15 00:00:00,CO,DENVER INTL AIRPORT,DEPARTURE,,,Unknown bird - small,1,NONE,N,,Tower,0,"PILOT REPORTED A SMALL SPARROW ""BOUNCED"" OFF WINDSHIELD WHILE DEPARTING RY 25. NO DAMAGE."
UNITED AIRLINES,A-320,07/31/15 00:00:00,TX,GEORGE BUSH INTERCONTINENTAL/ HOUSTON ARPT,APPROACH,300,,Unknown bird,1,NONE,N,,Tower,0,"While landing on runway 27 a pilot reported a bird strike at 300', operations advised. UAL will contact tower if aircraft has any damage. "
ENVOY AIR,EMB-145,08/01/15 00:00:00,AR,NW ARKANSAS REGIONAL,APPROACH,,,Unknown bird,1,NONE,N,,Tower,0,ENY3430 REPORTED STRIKING A BIRD ON THE WINDSHIELD DURING LANDING AND REPORTED NO DAMAGE.
REPUBLIC AIRLINES,EMB-170,08/01/15 00:00:00,PA,HARRISBURG INTL,LANDING ROLL,0,,Unknown bird,1,NONE,N,,Tower,0,"RPA4510, E170, REPORTED A BIRD STRIKE LEFT WING DURING TOUCHDOWN ON RUNWAY 31 AT MDT"
DELTA AIR LINES,MD-90-30,08/02/15 00:00:00,GA,HARTSFIELD - JACKSON ATLANTA INTL ARPT,LANDING ROLL,0,,Unknown bird,2-10,NONE,N,,Tower,0,"DAL384, MD90, STRUCK SMALL BIRDS WHILE TOUCHING DOWN RWY 8L. DOA REMOVED FOD. PIC REPORTED NO DAMAGE."
BUSINESS,C-172,08/02/15 00:00:00,FL,KENDALL-TAMIAMI EXECUTIVE ARPT,TAKE-OFF RUN,0,,Unknown bird,1,PRECAUTIONARY LANDING,N,,Tower,0,AIRCRAFT WAS VFR DEPARTING RWY 9L WHEN THE PILOT REPORTED A BIRD STRIKE AND REQUESTED TO RETURN TO THE AIRPORT. N24752 THEN JOINED LEFT TRAFFIC AND LANDED SAFELY ON RWY 9L. AIRPORT AUTHORITY INSPECTED AIRCRAFT AND REPORTED NO DAMAGE VISIBLE ON THE AIRCRAF
DELTA AIR LINES,MD-88,08/02/15 00:00:00,MD,BALTIMORE/WASH INTL THURGOOD MARSHAL ARPT,APPROACH,,,Unknown bird,1,NONE,N,,Tower,0,"AFTER PARKING AT GATE PILOT OF DAL2125 A MD88 CALLED ON TWR FREQ REPORTING A BIRD STRIKE ON LANDING RWY33L. AFTER INSPECTION OF AIRCRAFT DAL OPS REPORTED NO DAMAGE TO AIRCRAFT, STRIKE WAS BELOW PILOT WINDOW NEAR NOSE. AIRPORT OPS FOUND NO REMAINS ON RWY33"
BUSINESS,PA-46 MALIBU,08/02/15 00:00:00,GA,DEKALB-PEACHTREE ARPT,APPROACH,,,Hawks,1,NONE,N,,Tower,0,"PILOT REPORTED BIRD STRIKE BY A HAWK WHILE INBOUND RY 3R 2 MILES OF AIRPORT SE IN RIGHT BASE. AIRCRAFT LANDED RY 3R WITHOUT FURTHER INCEDENT. PILOT CALLED TOWER AT 1750Z WITH INFORMATION. PILOT NAME: CHRIS SEABORN, CONTACT NUMBER: 864-237-3282. PILOT REPO"
BUSINESS,BEECHCRAFT,08/02/15 00:00:00,MS,GOLDEN TRIANGLE REGIONAL,Climb,,,Unknown bird,1,NONE,N,,Tower,0,"N608CW, PRM1, HAD A BIRD STRIKE ON ROTATION RUNWAY 36, NO DAMAGE REPORTED."
PSA AIRLINES,CRJ900,08/03/15 00:00:00,SC,CHARLESTON AFB/INTL ARPT,TAKE-OFF RUN,0,,Unknown bird,1,NONE,N,,Tower,0,"JIA5207 (CRJ9) REPORTED BIRD STRIKE ON TAKEOFF ROLL, NO FURTHER ASSISTANCE NEEDED."
COMPASS AIRLINES,EMB-170,08/03/15 00:00:00,MO,KANSAS CITY INTL,DEPARTURE,,,Unknown bird,1,NONE,N,,Tower,0,CPZ5703 REPORTED STRIKING A SPARROW ON DEPARTURE. A210 NTFYD.
AIR WISCONSIN AIRLINES,CRJ100/200,08/03/15 00:00:00,SC,GREENVILLE-SPARTANBURG INTL,DEPARTURE,,,Sparrows,2-10,NONE,N,,Tower,0,A/C DEPARTED RWY 22 REPORTED A BIRD STRIKE NO DAMAGE.  OPS REPORTED IT WAS 2 SPARROWS.
DELTA AIR LINES,MD-88,08/03/15 00:00:00,GA,SAVANNAH/HILTON HEAD INTL ARPT,,,,Unknown bird,1,NONE,N,,Tower,0,ONE BIRD HIT RADOME. NO KNOWN DAMAGE.
SOUTHWEST AIRLINES,B-737,08/04/15 00:00:00,SC,CHARLESTON AFB/INTL ARPT,Climb,,,Unknown bird,1,NONE,N,,Tower,0,"SWA833 (B737) REPORTED BIRD STRIKE WHILE ROTATING OFF OF RY33, NO FURTHER ASSISTANCE NEEDED."
DELTA AIR LINES,B-717-200,08/04/15 00:00:00,AL,HUNTSVILLE INTL ARPT-CARL T JONES FIELD,DEPARTURE,1500,,Unknown bird,1,NONE,N,,Tower,0,"DAL1381, B712, DEPARTED RWY 36L ENROUTE TO ATL.  AROUND 1500 FT PILOT REPORTED A BIRD STRIKE AND WAS ADVISED TO CALL BACK AFTER LANDING IN ATL WITH A DAMAGE REPORT."
BUSINESS,SIRRUS SR 20/22,08/04/15 00:00:00,CA,MONTGOMERY FIELD ARPT,APPROACH,200,,Unknown bird,1,NONE,N,,Tower,0,Pilot reprted a birdstrike 200'agl on VFR approach to Rwy28R.  Pilot stated that everything is fine.
SKYWEST AIRLINES,CRJ700,08/05/15 00:00:00,TX,AUSTIN-BERGSTROM INTL,APPROACH,,,Unknown bird,1,NONE,N,,Tower,0,"SKW342F, CRJ7, WAS INBOUND TO RWY17R ON A FOUR-MILE FINAL WHEN HE HAD A BIRD STRIKE.  HE LANDED WITHOUT INCIDENT AND NO DAMAGE WAS REPORTED."
SHUTTLE AMERICA,EMB-170,08/05/15 00:00:00,IA,THE EASTERN IOWA ARPT,Climb,,,Unknown bird,1,NONE,N,,Tower,0,"TCF3497, E170 DEPARTING RWY 9 RPTD POSSIBLE BIRD STRIKE AFTER ROTATION. APT SAFETY NOTIFIED, AND CONFIRMED STRIKE AFTER LOCATING BIRD. NO DAMAGE REPORTED. "
BUSINESS,C-172,08/04/15 00:00:00,AZ,TUCSON INTL,,,,Unknown bird,1,NONE,N,,Tower,0,AFTER MULTIPLE TRIPS AROUND THE PATTERN N4768E REPORTED A BIRD STRIKE ROUGHLY 2000 FT DOWN RWY 29L. PILOT DECLINED ASSISTANCE.
BUSINESS,BE-400 BJET,08/05/15 00:00:00,PA,CAPITAL CITY ARPT (PA),LANDING ROLL,0,,Bank swallow,2-10,NONE,N,,Tower,0,"RVJ527, BE40/L, REPORTED POSSIBLY HITTING BANK SWALLOWS ON TOUCHDOWN/ROLLOUT RWY 26.  ARPT OPS REPORTED FINDING THREE DEAD SWALLOWS.  
RVJ527 REPORTED NO DAMAGE AFTER INSPECTION ON THE APRON."
BUSINESS,C-172,08/05/15 00:00:00,CA,CHINO AIRPORT,APPROACH,,,Unknown bird,1,NONE,N,,Tower,0,"N914SW reported a bird strike on short final over RWY 26L, type of bird unknown.  No damage reported and aircraft departed RWY 26L WOI and remained in the traffic pattern.  Airport operations NTFYD.  "
ENVOY AIR,EMB-145,08/05/15 00:00:00,IA,THE EASTERN IOWA ARPT,LANDING ROLL,0,,Unknown bird,2-10,NONE,N,,Tower,0,"ENY3132, (N665BC) A E145 struck several small birds at or about the time of touchdown on runway 9. Airport safety did recover at least two small dead birds on the runway. The flight crew reported no damage to the aircraft."
BUSINESS,BE-90 KING,08/05/15 00:00:00,ID,FRIEDMAN MEMORIAL,LANDING ROLL,0,,Magpies,1,NONE,N,,Tower,0,"N946TS, reported a bird strike to GC. He said he had a bird strike the windshield between the 5 and 6 board on landing rollout and that there was no damage to the a/c. Airport Ops conducted a FOD sweep of the RY and found a magpie.  "
BUSINESS,C-172,08/06/15 00:00:00,OK,RICHARD LLOYD JONES JR ARPT,LANDING ROLL,0,,Unknown bird,1,NONE,N,,Tower,0,"N9984B REPORTED BIRD STRIKE UPON LANDING RWY 19R, APPROX. MID-FIELD. NO DAMAGE REPORTED BY AIRCRAFT"
EXPRESSJET AIRLINES,EMB-145,08/06/15 00:00:00,TN,MC GHEE TYSON ARPT,TAKE-OFF RUN,0,,Unknown bird,1,NONE,N,,Tower,0,ASQ4734 WAS ON DEPARTURE ROLL ON RUNWAY 5R AND HAD A BIRD STRIKE.  ASQ4734 WAS APPROXIMATELY MIDWAY DOWN THE RUNWAY JUST PRIOR TO ROTATION WHEN THE BIRD IMPACTED THE UPPER JUNCTION OF THE FIRST OFFICER'S WINDOW AND FUSELAGE AREA.  ASQ4734 WAS ADVISED TO C
DELTA AIR LINES,MD-88,08/06/15 00:00:00,TN,TRI-CITIES REGIONAL TN/VA ARPT,DEPARTURE,,,Unknown bird,1,NONE,N,,Tower,0,"DAL1390 REPORTED POSSIBLE BIRD STRIKE WHILE DEPARTING RWY 23 AT TRI, ACFT CONTINUED TO DESTINATION.ARPT OPS FOUND BIRD ON RUNWAY, COMPANY AND PILOT WERE NOTIFIED.NO DAMAGE REPORTED."
EXPRESSJET AIRLINES,EMB-145,08/06/15 00:00:00,IA,THE EASTERN IOWA ARPT,CLIMB,,,Barn swallow,1,NONE,N,,Tower,0,"ACFT DPTD RWY 9. WHEN TOLD TO CONTACT DEPARTURE CONTROL PILOT INFORMED TOWER THAT HE BELIEVED THEY STRUCK A ""BARN SWALLOW"" AROUND THE 4000 FT REMAINING SIGN (DURING ROTATION/INITIAL CLIMB). NO DAMAGE REPORTED.

ARPT SAFETY DID RECOVER AN EXPIRED SWALLOW O"
BUSINESS,CITATIONJET,08/06/15 00:00:00,TN,SMYRNA ARPT,LANDING ROLL,0,,Unknown bird,1,NONE,N,,Tower,0,N525TK advised on rollout bird strike on landing RWY 32. Pilot inspected the aircraft after parking and reported no damage to the aircraft.
BUSINESS,C-152,08/06/15 00:00:00,OK,RICHARD LLOYD JONES JR ARPT,APPROACH,,,Hawks,1,NONE,N,,Tower,0,"N94112 (SPARTAN 25) 1 MILE NORTH OF RVS APPROX 1,500 MSL IN RIGHT TRAFFIC RWY 1R TURNING RIGHT CROSSWIND RPTD BIRD STRIKE.  N94112 LANDED SAFELY AND RPTD NO DAMAGE TO AC. PILOT SAID THE BIRD APPEARED TO BE A HAWK. "
PSA AIRLINES,CRJ100/200,08/08/15 00:00:00,NC,CHARLOTTE/DOUGLAS INTL ARPT,,,,Unknown bird,1,NONE,N,,Tower,0,"BIRD STRIKE, RWY 36L, JIA5194, CRJ2, RIGHT WING, NO DAMAGE OR EFFECT ON FLIGHT. CDIA AND DEN NOTIFIED"
REPUBLIC AIRLINES,EMB-170,08/08/15 00:00:00,PA,HARRISBURG INTL,Departure,,,Unknown bird,1,NONE,N,,Tower,0,"RPA4610, E170, CALLED TO REPORT A BIRD STRIKE  ON ENGINE # 2 COWLING AFTER BECOMING AIRBORNE DEPARTING RUNWAY 31 AT MDT. CONTINUED TO DESTINATION CLT WITHOUT INCIDENT"
BUSINESS,PA-28,08/08/15 00:00:00,NY,GRIFFISS INTL,LANDING ROLL,0,,Killdeer,1,NONE,N,,Tower,0,"On landing rollout N56125 reported striking a ""killdear"" bird approximately 2000 feet down RY33. The pilot reported no damage and taxiied to parking. Airport personnel were notified at 1515, they retrieved the bird remains."
REPUBLIC AIRLINES,EMB-170,08/09/15 00:00:00,VA,NORFOLK INTL,Climb,,,Unknown bird,1,NONE,N,,Tower,0,RPA4395/E170 had a bird strike on rotation departing RWY5. No damage to aircraft. Normal ATC operations.
EXPRESSJET AIRLINES,EMB-145,08/09/15 00:00:00,MO,JOPLIN REGIONAL,DEPARTURE,,,Unknown bird - small,2-10,NONE,N,,Tower,0,ASQ2609 DEPARTED RWY 18 AND WAS SWITCHED TO DEPARTURE SHORTLY AFTER TAKE-OFF. THE PILOT REPORTED HITTING A COUPLE OF BIRDS PRIOR TO TRANSFERRING FREQUENCY. THE LOCAL CONTROLLER CALLED KANSAS CITY CENTER TO ASK THE AIRCRAFT TO CONFIRM HIS REPORT. THEY NOTI
NETJETS,CHALLENGER 300,08/09/15 00:00:00,CO,ASPEN-PITKIN COUNTY ARPT/SARDY FIELD,,,,Unknown bird,1,NONE,N,,Tower,0,"EJA763, CL30, REPORTED A BIRD STRIKE ON THE RIGHT SIDE OF THE AIRCRAFT. NO ASSISTANCE NEEDED. AIRCRAFT CONTINUED TO PARKING."
BUSINESS,PA-31T CHEYENNE,08/10/15 00:00:00,IL,ABRAHAM LINCOLN CAPITAL ARPT,,,,Unknown bird - small,1,NONE,N,,Tower,0,Pilot reported small bird strike to windshield.  No damage ocurred.
DELTA AIR LINES,B-717-200,08/10/15 00:00:00,KY,LOUISVILLE INTL ARPT-STANDIFORD FIELD,APPROACH,,,Unknown bird,2-10,NONE,N,,Tower,0,A/C STRUCK A FEW SMALL BIRDS ON APPROACH ABOUT 3/4 MILE FROM THE FIELD. NO KNOWN EFFECT ON THE A/C. LANDED W/O INCIDENT AND TAXIED TO RAMP. PILOT HAD ATIS CONTAINING BIRD ACTIVITY MESSAGE AND HE WAS PROVIDED THE FACILITY PHONE NUMBER IN CASE ANY DAMAGE WA
ALLEGIANT AIR,MD-83,08/10/15 00:00:00,NY,NIAGARA FALLS INTL,,0,,Unknown bird,1,NONE,N,,Tower,0,"AAY652, AN MD83 REPORTED BIRDSTRIKE AT 5000' MARKER ON RWY 28R. BIRD STRUCK WIND SCREEN, NO DAMAGE REPORTED."
AIR WISCONSIN AIRLINES,CRJ100/200,08/11/15 00:00:00,IN,FORT WAYNE INTL,DEPARTURE,,,Rock pigeon,1,NONE,N,,Tower,0,"A/C REPORTED THEY BELIEVED THEY HAD A BIRD STRIKE, NO KNOWN DAMAGE REPORTED, FLIGHT CONTINUED TO PHL.  AIRPORT VEHICLE LOCATED PIGEON, INTACT."
BUSINESS,CL-600,08/14/15 00:00:00,PA,CAPITAL CITY ARPT (PA),DEPARTURE,,,Bank swallow,2-10,NONE,N,,Tower,0,"N275GC, CL60/G, ADVISED HE STRUCK NUMEROUS BIRDS (BANK SWALLOWS) ON DEPARTURE ROLL RWY 26 AT CXY. PILOT ADVISED HE DID NOT THINK HE HAD ANY DAMAGE, BUT WOULD CALL WHEN HE RETURNED. ARPT OPS RECOVERED NUMEROUS BANK SWALLOWS FROM RUNWAY AFTER THE DEPARTURE."
BUSINESS,GULFAERO IV,08/14/15 00:00:00,TX,SUGAR LAND REGIONAL ARPT,APPROACH,200,,Unknown bird,1,NONE,N,,Tower,0,"N500RL, GLF4, REPORTED BIRK STRIKE ON FINAL ABOUT 200FT AGL. NO SIGNIFICANT DAMAGE."
SHUTTLE AMERICA,EMB-145,08/14/15 00:00:00,NY,GREATER ROCHESTER INTL,LANDING ROLL,0,,Unknown bird - small,1,NONE,N,,Tower,0,PILOT REPORTED A SMALL BLACK BIRD STRUCK HIS WINDSHIELD AS HE TOUCHED DOWN ON RWY22. NO DAMAGE REPORTED.
BUSINESS,DA-10 FALCON,08/14/15 00:00:00,TX,WILLIAM P HOBBY ARPT,APPROACH,,,Unknown bird,1,NONE,N,,Tower,0,N18MX REPORTED BIRDSTRIKE ON A 6 MILE FINAL.
BUSINESS,B-777,08/14/15 00:00:00,MA,GENERAL EDWARD LAWRENCE LOGAN INTL ARPT,,,,Unknown bird,1,NONE,N,,Tower,0,"CPA811 B777, LB1D1, BIRSTRIKE ON RUNWAY 15R. CREW INSTRUCTED TO CALL IF ANY DAMAGE TO AIRCRAFT."
BUSINESS,MU-300,08/15/15 00:00:00,TX,ARLINGTON MUNICIPAL ARPT (TX),DEPARTURE,,,Unknown bird - small,1,NONE,N,,Tower,0,N400UF REPORTED A BIRD STRIKE ON DEPARTURE ROLL. SAID IT APPEARED TO BE A SMALL BIRD. AIRCRAFT CONTINUED ON FLIGHT PLAN TO KHOU.
SKYWEST AIRLINES,CRJ100/200,08/15/15 00:00:00,AZ,PHOENIX SKY HARBOR INTL ARPT,DEPARTURE,300,,Unknown bird,1,NONE,N,,Tower,0,SKW6534 REPORTED HITTING A BIRD ON THE DEPARTURE END OF RWY 7L AT APPROXIMATELY 300FT AGL. PILOT REPORTED NO KNOWN DAMAGE AT THIS TIME AND CONTINUED ON TO HIS DESTINATION.  
UNITED AIRLINES,A-320,08/14/15 00:00:00,TX,GEORGE BUSH INTERCONTINENTAL/ HOUSTON ARPT,APPROACH,500,,Unknown bird,1,NONE,N,,Tower,0,UAL505 REPORTED HITTING A BIRD ON FINAL FOR RWY27 AT 500'.  UAL505 REPORTED NO DAMAGE.  
BUSINESS,BELLANCA,08/15/15 00:00:00,AR,DRAKE FIELD ARPT,TAKE-OFF RUN,0,,Unknown bird,1,NONE,N,,Tower,0,N556BC ENCOUNTERED A BIRD STRIKE ON TAKE OFF RWY 16 TOWARDS THE DEPARTURE END OF THE RWY. AT 1534Z N556BC LANDED WITHOUT INCIDENT.
BUSINESS,CHALLENGER 300,08/15/15 00:00:00,CA,NAPA COUNTY ARPT,DEPARTURE,1000,,Unknown bird,1,NONE,N,,Tower,0,N85BE REPORTED BIRD STRIKE ON DEPARTURE AT 1000 FEET. NO DAMAGES REPORTED NO EMERGENCY ASSISTANCE NEEDED
DELTA AIR LINES,MD-88,08/16/15 00:00:00,GA,SAVANNAH/HILTON HEAD INTL ARPT,DEPARTURE,,,Unknown bird,1,NONE,N,,Tower,0,DEPARTING RY 10 AT MIDFIELD STRUCK BIRD SIZE UNKNOWN. FLIGHT CONTINUED WITHOUT INCIDENT
AIR WISCONSIN AIRLINES,CRJ100/200,08/16/15 00:00:00,VA,NORFOLK INTL,TAKE-OFF RUN,0,,Unknown bird - small,1,NONE,N,,Tower,0,"AWI3725/CRJ2 RECEIVED A BIRD STRIKE DURING TAKEOFF ROLL ON RUNWAY 05 AT ORF. I SMALL BIRD, PROBABLY A STARLING, STRUCK THE FUSELAGE JUST ABOVE THE WINDSHIELD. NO DAMAGE TO AIRCRAFT."
EXPRESSJET AIRLINES,EMB-145,08/16/15 00:00:00,IL,GENERAL DOWNING-PEORIA INTL ARPT,LANDING ROLL,0,,Unknown bird,1,NONE,N,,Tower,0,ASQ6109 Reported a bird strike at the 5000 foot marker after landing runway 22.  Aircraft landed without incident and reported no damage.
MESA AIRLINES,EMB-170,08/17/15 00:00:00,TX,GEORGE BUSH INTERCONTINENTAL/ HOUSTON ARPT,APPROACH,,,Unknown bird,1,NONE,N,,Tower,0,ASH5100 E170 BIRDSTRIKE 5 MILE FINAL RWY26R AT 2000MSL NEGATIVE DAMAGE.
ALLEGIANT AIR,MD-83,08/17/15 00:00:00,FL,ORLANDO SANFORD INTL ARPT,CLIMB,,,Unknown bird,2-10,NONE,N,,Tower,0,AAY616 HIT SMALL BRIDS ON ROTATION OFF RWY 9L.  CONTINUED ON FLIGHT.
BUSINESS,CITATION X,08/18/15 00:00:00,PA,LANCASTER ARPT (PA),LANDING ROLL,0,,Unknown bird,1,NONE,N,,Tower,0,"XOJ782 LANDED RWY26, ON ROLLOUT REPORTED A BIRD STRIKE AT MID-FIELD, AND ADVISED NO DAMAGE CAUSED. LAA ADVISED."
ALLEGIANT AIR,A-320,08/18/15 00:00:00,FL,ORLANDO SANFORD INTL ARPT,DEPARTURE,,,Unknown bird - small,1,NONE,N,,Tower,0,AAY2620 (A320) REPORTED SMALL BIRD STRIKE ON DEPARTURE. CONTINUED TO DESTINATION.
ENVOY AIR,CRJ700,08/18/15 00:00:00,AR,NW ARKANSAS REGIONAL,DEPARTURE,,,Hawks,1,NONE,N,,Tower,0,"PILOT REPORTED A HAWK HITTING THE WINDSCREEN ON ROTATION, NO VISIBLE DAMAGE, FLIGHT CONTINUED TO DESTINATION."
SPIRIT AIRLINES,A-320,08/18/15 00:00:00,SC,MYRTLE BEACH INTL,LANDING ROLL,0,,Unknown bird,1,NONE,N,,Tower,0,NKS843 REPORTED BIRD STRIKE ON ROLL OUT RY18. NO DAMAGE REPORTED.
REPUBLIC AIRLINES,EMB-170,08/18/15 00:00:00,FL,MIAMI INTL,APPROACH,,,Unknown bird,1,NONE,N,,Tower,0,"RPA4283 LANDED RUNWAY 12, AND THEN TOLD THE LOCAL CONTROLLER THAT HE BELIEVED HE HAD A BIRD STRIKE OVER THE LANDING THRESHOLD.  MIAMI DADE RAMP VEHICLE INSPECTED THE RUNWAY AND FOUND BIRD REMAINS ON THE RUNWAY.  RPA OPERATIONS NOTIFIED OF THE CONFIRMED BI"
PSA AIRLINES,CRJ900,08/18/15 00:00:00,AR,BILL AND  HILLARY CLINTON NATL ARPT/ADAMS FIELD,APPROACH,,,Unknown bird,2-10,NONE,N,,Tower,0,PILOT REPORTED BIRD STRIKE UPON LANDING RWY22L.  REPORTED SEVERAL SMALL BIRDS WERE INVOLVED. AIRCRAFT TAXIED TO GATE AND LATER CALLED THE FACILITY AND REPORTED NO DAMAGE TO AIRCRAFT.
ENVOY AIR,EMB-145,08/18/15 00:00:00,AL,MOBILE REGIONAL,LANDING ROLL,0,,Unknown bird,1,NONE,N,,Tower,0,ENY3054 encountered a bird strike about 500 feet after touching down. Pilot reported no damage to the aircraft.
BUSINESS,BE-1900,08/19/15 00:00:00,NY,SYRACUSE HANCOCK INTL,APPROACH,,,Unknown bird,1,NONE,N,,Tower,0,GGN7284 REPORTED HITTING BIRDS ON SHORT FINAL RWY 15 AT SYR. GGN7284 LANDED SAFELY AND TAXIED TO THE RAMP. NO DAMAGE REPORTED. TYPE BIRDS UNKNOWN. 
EXPRESSJET AIRLINES,CRJ100/200,08/18/15 00:00:00,TN,TRI-CITIES REGIONAL TN/VA ARPT,LANDING ROLL,0,,Unknown bird,1,NONE,N,,Tower,0,PILOT STATED AIRCRAFT STRUCK ONE BIRD OR POSSIBLY A BAT ON THE WINDSHIELD AFTER TOUCHING DOWN ON RUNWAY 23 AT TRI.  PILOT REPORTED THERE WAS NO DAMAGE TO THE AIRCRAFT.
REPUBLIC AIRLINES,EMB-170,08/19/15 00:00:00,CT,BRADLEY INTL,TAKE-OFF RUN,0,,Unknown bird,1,NONE,N,,Tower,0,RPA4627 (N828MD) REPORTED A BIRDSTRIKE WHILE DEPARTING RY 24 AT THE RY24/RY33 INTERSECTION. STATE ADVISED AND RUNWAY CHECKED. UNKNOWN IF THERE IS DAMAGE TO THE AIRCRAFT.
BUSINESS,BEECHCRAFT,08/19/15 00:00:00,LA,HOUMA-TERREBONNE ARPT,LANDING ROLL,0,,Unknown bird,2-10,NONE,N,,Tower,0,"N460AS STRUCK FIVE BIRDS UPON LANDING RUNWAY 36, FIRST 2000 FEET. N460AS TAXIED TO RAMP UNDER OWN POWER."
AMERICAN AIRLINES,B-737-800,08/20/15 00:00:00,TX,AUSTIN-BERGSTROM INTL,APPROACH,,,Unknown bird,1,NONE,N,,Tower,0,AAL1221 WAS LANDING ON RWY 17R AND HIT A BIRD ON SHORT FINAL FOR RWY 17R BUT HAD NO DAMAGE.
BUSINESS,CITATIONJET,08/20/15 00:00:00,ID,FRIEDMAN MEMORIAL,CLIMB,,,Unknown bird,1,NONE,N,,Tower,0,"N450TR WAS DEPARTING RUNWAY13, N29LJ WAS TAXING INTO PARKING WHEN HE REPORTED THAT IT LOOK LIKE THE DEPARTING AIRCRAFT(N450TR) HIT A BIRD WITH HIS WING. THE INFORMATION WAS PASSED TO N450TR AND HE MADE A NORMAL CLIMB OUT AND WAS TRANDFERED TO ZLC. FOD CHE"
SPIRIT AIRLINES,A-320,08/20/15 00:00:00,PA,ARNOLD PALMER REGIONAL,APPROACH,,,Unknown bird,2-10,NONE,N,,Tower,0,"NKS878 LANDING RWY23 REPORTED 2 BIRD STRIKES FIRST 1,000-1,200 FEET "
REPUBLIC AIRLINES,EMB-170,08/20/15 00:00:00,LA,LOUIE ARMSTRONG NEW ORLEANS INTL ARPT,LANDING ROLL,0,,Unknown bird,1,NONE,N,,Tower,0,UPON EXITING RUNWAY 01 RPA4451 REPORTED HITTING A SMALL BIRD APPROX 2000' DOWN THE RUNWAY ON ARRIVAL. RPA4451 REPORTED THAT HE DID NOT HAVE ANY DAMAGE AND ONLY SAW ONE SMALL BIRD.
AMERICAN AIRLINES,A-319,08/21/15 00:00:00,FL,PALM BEACH INTL,DEPARTURE,,,Unknown bird,1,NONE,N,,Tower,0,"AAL1958(A319)REPORTED A BIRD STRIKE WHILE DEPARTING RWY28R NEAR MIDFIELD.  AAL1958 CONTINUED TO HIS DESTINATION, TOWER NOTIFIED, AIRPORT OPERATIONS NOTIFIED AND DEN NOTIFIED AT 1614Z"
BUSINESS,C-172,08/21/15 00:00:00,AZ,PHOENIX DEER VALLEY ARPT,DEPARTURE,,,Unknown bird,1,PRECAUTIONARY LANDING,N,,Tower,0,N678WW DEPARTED RWY 7R AND REPORTED BIRD STRIKE 1/2 MILE EAST OF DEPARTURE END. AIRCRAFT RETURNED TO DVT AND LANDED WITHOUT INCIDENT. CHIEF MECHANIC AT WESTWIND AVIATION CALLED AND REPORTED NO DAMAGE TO THE AIRCRAFT.
UNITED AIRLINES,B-737-900,08/21/15 00:00:00,TX,GEORGE BUSH INTERCONTINENTAL/ HOUSTON ARPT,APPROACH,,,Unknown bird,1,NONE,N,,Tower,0,"PILOT REPORTED BIRD STRIKE OVER RWY26L, TAXIED TO GATE C39 WITHOUT ISSUE.  NO DAMAGE REPORTED, OPS30 NOTIFIED."
FEDEX EXPRESS,DC-10-10,08/22/15 00:00:00,TX,VALLEY INTL,TAKE-OFF RUN,0,,Unknown bird,1,NONE,N,,Tower,0,FDX881 REPORTED HITTING A BIRD ON TAKEOFF.
BUSINESS,BELL-206,08/21/15 00:00:00,KY,BLUE GRASS ARPT,DEPARTURE,,,Unknown bird,1,PRECAUTIONARY LANDING,N,,Tower,0,N420AE DEPARTED LEX AND REPORTED BIRDSTRIKE 1/2 MILE SOUTH OF LEX AND RETURNED TO FIELD. NO DAMAGE REPORTED. 
JETBLUE AIRWAYS,A-320,08/22/15 00:00:00,TX,AUSTIN-BERGSTROM INTL,APPROACH,,,Unknown bird,1,NONE,N,,Tower,0,JBU1039 WHILE LANDING ON RWY 17R HIT A BIRD AND THEY SAID THEY WOULD CALL IF THEY HAD ANY DAMAGE.
MESA AIRLINES,CRJ700,08/22/15 00:00:00,SC,CHARLESTON AFB/INTL ARPT,CLIMB,,,Unknown bird,2-10,NONE,N,,Tower,0,"ASH4014 A CRJ7 DEPARTED RY21 AND HAD A BIRD STRIKE ON ROTATION.  2-3 SMALL BIRDS, NO DAMAGE REPORTED."
AMERICAN AIRLINES,A-319,08/23/15 00:00:00,TX,GEORGE BUSH INTERCONTINENTAL/ HOUSTON ARPT,Climb,,,Unknown bird,1,NONE,N,,Tower,0,I90 ADVISED IAH THAT AAL627 REPORTED A BIRD STRIKE TO THEIR LEFT WINDSHIELD APPROXIMATELY 400 FEET OFF THE DEPARTURE END OF RWY 15L.  FLIGHT CREW REPORTED NO DAMAGE.  
SKYWEST AIRLINES,CRJ700,08/23/15 00:00:00,WY,JACKSON HOLE,DEPARTURE,,,Unknown bird,1,NONE,N,,Tower,0,"SKW5502 DEPARTED OFF OF RWY 19, ONCE AIRBORNE RELAYED HE HAD A BIRD STRIKE. AIRPORT OPERATIONS WERE NOTIFIED AND BIRD FOD WAS REMOVED FROM RWY SURFACE. SERCO NOTIFIED."
EXPRESSJET AIRLINES,CRJ100/200,08/23/15 00:00:00,TX,CORPUS CHRISTI INTL ARPT,DEPARTURE,,,Unknown bird,1,NONE,N,,Tower,0,AIRCRAFT DEPARTED HRL AND REPORTED TO THE VALLEY CONTROLLER THEY HIT A BIRD ON DEPARTURE. PILOT SAID NO IMMEDIATE DAMAGE TO THE AIRCRAFT AND THEY WERE GOING TO CONTINUE TO IAH.
JETBLUE AIRWAYS,EMB-190,08/23/15 00:00:00,VI,HENRY E ROHLSEN ARPT,APPROACH,,,Unknown bird,1,NONE,N,,Tower,0,"PILOT REPORTED STRIKING A SINGLE BIRD ON APPROACH TO RWY10 AT STX. PILOT REPORTED NO AIRCRAFT DAMAGE OBSERVED.  AIRCRAFT LANDED SAFELY, WITHOUT FURTHER INCIDENT."
SOUTHWEST AIRLINES,B-737,08/24/15 00:00:00,TX,VALLEY INTL,TAKE-OFF RUN,0,,Unknown bird,1,NONE,N,,Tower,0,SWA12 REPORTED BIRDSTRIKE ON TAKEOFF FROM RWY 35L.  NO DAMAGE REPORTED
BUSINESS,C-310,08/24/15 00:00:00,FL,NORTH PERRY ARPT,APPROACH,,,Unknown bird,1,NONE,N,,Tower,0,N310CB NOTIFIED TOWER OF BIRD STRIKE AFTER LANDING.
SHUTTLE AMERICA,EMB-145,08/23/15 00:00:00,SC,GREENVILLE-SPARTANBURG INTL,APPROACH,5000,,Unknown bird,1,NONE,N,,Tower,0,TCF3385 inbound for visual approach to runway 22.  Pilot reported a bird strike about 15 miles northeast of GSP at 5000.  Aircraft landed without further incident at 0147Z.  Damage to aircraft unknown at time of MOR.
ALASKA AIRLINES,B-737-400,08/24/15 00:00:00,AK,JUNEAU INTL ARPT,DEPARTURE,,,Bald eagle,1,NONE,N,,Tower,0,At 1821Z N779AS (ASA62) reported potential bird strike immature eagle between F-G intersections departing RWY26 Airfield Safety conducted RWY inspection and found bird remains on runway. N779AS (ASA62) was informed of confirmed bird strike via ANC Center.
SKYWEST AIRLINES,CRJ100/200,08/24/15 00:00:00,MI,BISHOP INTL ARPT,TAKE-OFF RUN,0,,Unknown bird - small,1,NONE,N,,Tower,0,"SKW4554 REPORTED POSSIBLE BIRD STRIKE ON TAKE OFF, NO DAMAGE REPORTED. ARRF RETRIEVED A SMALL BIRD FROM RY."
BUSINESS,PA-28,08/25/15 00:00:00,TN,SMYRNA ARPT,LANDING ROLL,0,,Unknown bird,1,NONE,N,,Tower,0,"During landing roll out N184JD, a VFR PA28, reported a bird strike.  Airport Public Safety responded and recovered a small bird. No damage to the ACFT was reported."
SPIRIT AIRLINES,A-320,08/24/15 00:00:00,TX,GEORGE BUSH INTERCONTINENTAL/ HOUSTON ARPT,CLIMB,5000,,Unknown bird,1,NONE,N,,Tower,0,"Pilot reported a bird strike climbing through 5000'. The strike was left side of windscreen. No known/observed damage, no injuries reported."
AMERICAN AIRLINES,B-737,08/25/15 00:00:00,NV,MC CARRAN INTL ARPT,APPROACH,,,Unknown bird,1,NONE,N,,Tower,0,AAL1499 ADVISED LAS TWR THAT HE HAD A BIRD STRIKE ON 2 MI FINAL FOR RWY25L.  PILOT WAS GIVEN THE PHONE NUMBER AND WILL CALL LATER ON TODAY.
DELTA AIR LINES,B-717-200,08/25/15 00:00:00,SC,COLUMBIA METRO,Approach,500,,Unknown bird - small,1,NONE,N,,Tower,0,"DAL882/B712 STRUCK A SMALL BLACK BIRD ON THE LEFT SIDE OF ACFT JUST BELOW THE RADOME, ABOUT 500' ON FINAL AT 140 KTS. NO EFECT ON FLIGHT. DAMAGE UNKNOWN. PILOT CONTACT INFO: KENNETH SILAS (618)531-4898."
BUSINESS,C-152,08/25/15 00:00:00,MO,JOPLIN REGIONAL,DEPARTURE,,,Unknown bird,1,NONE,N,,Tower,0,"IMMEDIATELY AFTER DEPARTURE, N1256Q STRUCK A BIRD. PILOT INDICATED NO DAMAGE TO AIRCRAFT."
SKYWEST AIRLINES,CRJ100/200,08/26/15 00:00:00,KY,BLUE GRASS ARPT,DEPARTURE,,,American kestrel,1,NONE,N,,Tower,0,"PILOT REPORTED A BIRD STRIKE DURING TAKEOFF. PILOT WAS GIVEN LOCAL TELEPHONE NUMBER TO CONTACT UPON REACHING DESTINATION TO ADVISE OF ANY DAMAGE TO THE AIRCRAFT. AIRPORT OPERATIONS NOTIFIED, AND CONDUCTED A RUNWAY SWEEP. BIRD FOUND WAS OF THE KESTREL GROU"
UNITED AIRLINES,A-320,08/26/15 00:00:00,TX,GEORGE BUSH INTERCONTINENTAL/ HOUSTON ARPT,CLIMB,3500,,Unknown bird,1,NONE,N,,Tower,0,Pilot reported bird strike 5 miles NE of IAH on the nose climbing out of 3500ft. Pilot decided to continue to destination.
EXPRESSJET AIRLINES,CRJ700,08/26/15 00:00:00,GA,AUGUSTA REGIONAL ARPT AT BUSH FLD,APPROACH,,,Unknown bird,1,NONE,N,,Tower,0,ASQ4873 REPORTED STRIKING A SMALL BIRD WHILE LANDING AT AGS. NO EFFECT ON THE FLIGHT AND NO DAMAGE TO THE AIRCRAFT.
SOUTHWEST AIRLINES,B-737,08/25/15 00:00:00,CA,ONTARIO INTL ARPT,APPROACH,,,Unknown bird - small,1,NONE,N,,Tower,0,SWA2515 REPORTED HITTING A SMALL BIRD ON LANDING. NO DAMAGE OR INJURIES REPORTED.
UPS AIRLINES,A-310,08/26/15 00:00:00,NM,ALBUQUERQUE INTL SUNPORT,,,,Unknown bird,1,NONE,N,,Tower,0,"REPORTED BIRDSTRIKE OVER THE THRESHOLD OF RWY3, NO DAMAGE TO AIRCRAFT. OPS60 RECOVERED THE BODY"
BUSINESS,PA-28,08/27/15 00:00:00,FL,ST. LUCIE COUNTY INTL ARPT,LANDING ROLL,0,,Barn swallow,1,NONE,N,,Tower,0,N442ND REPORTED STRIKING 3 VERY SMALL BIRDS ON THE ROLLOUT RUNWAY 10R. RUNWAY OPS WERE SUSPENDED FOR APPROXIMATLEY 5 MINUTES WHILE INSPECTION WAS COMPLETED BY AIRPORT MANAGEMENT. SINGLE BARNSWALLOW FOUND ON RUNWAY 10R AND REMOVED. RUNWAY 10R OPS RESUMED. 
JETBLUE AIRWAYS,A-320,08/28/15 00:00:00,FL,PALM BEACH INTL,TAKE-OFF RUN,0,,Unknown bird,1,NONE,N,,Tower,0,JBU22 REPORTED A BIRD STRIKE ON TAKE OFF ROLL. NO DAMAGE REPORTED. 
BUSINESS,CL-600,08/28/15 00:00:00,FL,PALM BEACH INTL,APPROACH,,,Unknown bird,1,NONE,N,,Tower,0,FLEX340 REPORTED A BIRD STRIKE WHILE LANDING ON RY 32.NO DAMAGE REPORTED.
BUSINESS,C-152,08/28/15 00:00:00,FL,KENDALL-TAMIAMI EXECUTIVE ARPT,APPROACH,,,Unknown bird,2-10,NONE,N,,Tower,0,AIRCRAFT REPORTED BIRD STRIKE ON LANDING. MDAD NOTIFIED. AIRCRAFT TAXIED TO PARKING UNDER OWN POWER. PILOT REPORTED NO DAMAGE TO AIRCRAFT. THREE SMALL BIRDS WERE REPORTED DEAD ON THE RUNWAY. RWY 9R CLOSED FOR 7 MINUTES FOR CLEAN-UP.
SKYWEST AIRLINES,CRJ100/200,08/28/15 00:00:00,IL,QUAD CITY ARPT,APPROACH,,,European starling,1,NONE,N,,Tower,0,"On the taxi to the terminal, SKW497J informed Tower that he might have hit a bird on the approach end of RY9. Airport vehicle was dispatched, found a the bird (a starling) and cleared it from the RY.  The pilot will call back if there was any damage to th"
UPS AIRLINES,A-300,08/28/15 00:00:00,KY,LOUISVILLE INTL ARPT-STANDIFORD FIELD,LANDING ROLL,0,,Unknown bird - small,1,NONE,N,,Tower,0,UPS9302 (N147UP) AN A306 STRUCK ON SMALL BIRD ON THE FUSELAGE DURING LANDING ROLL FOR RWY17L. NO DAMAGE REPORTED.
EXPRESSJET AIRLINES,EMB-145,08/29/15 00:00:00,TX,GEORGE BUSH INTERCONTINENTAL/ HOUSTON ARPT,APPROACH,,,Unknown bird,1,NONE,N,,Tower,0,"ASQ4524 REPORTED A BIRD STRIKE ON FINAL, NO DAMAGE REPORTED."
AMERICAN AIRLINES,MD-80,08/28/15 00:00:00,TX,AUSTIN-BERGSTROM INTL,APPROACH,,,Unknown bird,1,NONE,N,,Tower,0,"AAL2270, MD80, had a bird strike on short final to RWY 17L. No assistance needed, no damage reported. "
DELTA AIR LINES,B-717-200,08/29/15 00:00:00,TX,WILLIAM P HOBBY ARPT,APPROACH,300,,Unknown bird,1,NONE,N,,Tower,0,"AS DAL1503 WAS TAXIING TO THE TERMINAL THE PILOT INFORMED GROUND CONTROL THAT HE HAD A BIRD STRIKE AT 300 FEET ON FINAL APPROACH. THE BIRD STRIKE WAS ON THE BELLY OF THE AIRCRAFT, JUST UNDER THE NOSE. DAL 1503 LANDED ON RWY 12R."
DELTA AIR LINES,MD-88,08/29/15 00:00:00,FL,PALM BEACH INTL,Departure,,,Unknown bird,1,,N,,Tower,0,"DAL2649 REPORTED A BIRD STRIKE ON DEPARTURE OFF RWY10L, NO REPORTED DAMAGE TO THE AIRCRAFT,THE PILOT DECIDED TO CONTINUE ON TO LGA. AIRPORT OPS NOTIFIED, RUNWAY SWEEP COMPLETE."
PSA AIRLINES,CRJ700,08/30/15 00:00:00,OK,TULSA INTL,CLIMB,1000,,Unknown bird,1,PRECAUTIONARY LANDING,N,,Tower,0,"Pilot reported bird strike to right side of cockpit windshield at approx 1000' during departure. Flight crew opted to return to TUL.  JIA5196 landed without incident at approx 1237Z.  After inspection of the aircraft at gate, TAA OPS100 reported no damage"
REPUBLIC AIRLINES,EMB-170,08/30/15 00:00:00,LA,LOUIE ARMSTRONG NEW ORLEANS INTL ARPT,LANDING ROLL,0,,Unknown bird,1,NONE,N,,Tower,0,RPA4306 REPORTED A BIRDSTRIKE WHILE LANDING RUNWAY 19 ABOUT A THIRD OF THE WAY DOWN THE RUNWAY.NO DAMAGE TO AIRCRAFT REPORTED.
UNITED AIRLINES,A-319,08/30/15 00:00:00,IA,DES MOINES INTL,TAKE-OFF RUN,0,,Unknown bird,1,NONE,N,,Tower,0,PILOT REPORTED A BIRD STRIKE DURING TAKEOFF WHILE ON/OVER THE RUNWAY.  PILOT INDICATED THAT THERE WAS NO DAMAGE.
EXPRESSJET AIRLINES,CRJ700,08/30/15 00:00:00,LA,LAFAYETTE REGIONAL,DEPARTURE,,,Unknown bird,1,NONE,N,,Tower,0,"ASQ5597, CRJ7, DEPARTING RWY 4R, ENCOUNTERED A BIRD STRIKE NEAR TWY L, SPECIES UNKNOWN, NO DAMAGE REPORTED."
DELTA AIR LINES,A-319,08/30/15 00:00:00,FL,MELBOURNE INTL,DEPARTURE,,,Unknown bird - small,2-10,NONE,N,,Tower,0,AFTER DEPARTURE DELTA 2213 REPORTED POSSIBLE BIRD STRIKE. PILOTED ADVISED THEY WOULD CONTINUE ENROUTE TO ATL. NOT REPORT OF ANY DAMAGE GIVEN. RUNWAY SWEEP RESULTED IN EIGHT SMALL BIRDS ON THE RUNWAY.
DELTA AIR LINES,B-717-200,08/31/15 00:00:00,IA,DES MOINES INTL,DEPARTURE,,,Unknown bird - small,1,NONE,N,,Tower,0,DAL1532 REPORTED STRIKING A SMALL BIRD NEAR THE WINDSHIELD OF THE AIRCRAFT ON DEPARTURE ROLL.  HE DETERMINED THAT THERE WAS NO DAMAGE AND CONTINUED ON WITH THE FLIGHT.   
BUSINESS,BE-58 BARON,08/31/15 00:00:00,CA,FULLERTON MUNICIPAL ARPT,CLIMB,50,,Unknown bird,1,NONE,N,,Tower,0,"N40PG departed RY06, at about 50' pilot advised he had a bird strike on the windshield, pilot stated no damage."
PSA AIRLINES,CRJ100/200,08/31/15 00:00:00,MS,GULFPORT-BILOXI INTL APRT,APPROACH,,,Unknown bird,1,NONE,N,,Tower,0,JIA5320 REPORTED BIRDSTRIKE ON APPROX 2 MILE FINAL. DID NOT DECLARE AN EMERGENCY. LANDED RWY 32 WITHOUT FURTHER INCIDENT. NO SPECIAL HANDLING REQUIRED.
REPUBLIC AIRLINES,EMB-170,08/31/15 00:00:00,SC,CHARLESTON AFB/INTL ARPT,APPROACH,,,Unknown bird,1,NONE,N,,Tower,0,RPA4525 A E170 LANDING RY15 1/2 MILE FINAL HAD A BIRDSTRIKE.  NO DAMAGE WAS REPORTED.
BUSINESS,C-172,09/01/15 00:00:00,CA,FULLERTON MUNICIPAL ARPT,APPROACH,,,Unknown bird,1,NONE,N,,Tower,0,ON RIGHT BASE FOR RWY24 PILOT HAD BIRD STRIKE TO STRUT/FLAP.  SMALL TO MEDIUM SIZE BLACK BIRD.  PILOT NAME MATT 7147730741.   NO DAMAGE OR INJURIES REPORTED.
SKY REGIONAL AIRLINES,EMB-170,09/01/15 00:00:00,MA,GENERAL EDWARD LAWRENCE LOGAN INTL ARPT,CLIMB,,,Unknown bird,1,NONE,N,,Tower,0,A90 ADVISED SKV7381 EXPERIENCED A BIRD STRIKE ON ROTATION DEPARTING RY 9.
HORIZON AIR,DHC8 DASH 8,09/01/15 00:00:00,WA,SEATTLE-TACOMA INTL,DEPARTURE,,,Unknown bird,1,NONE,N,,Tower,0,"QXE226 DEPARTED RWY 16L ON A 230 HEADING. SHORTLY THEREAFTER THE PILOT REPORTED A BIRD STRIKE, BUT NO DAMAGE TO THE AIRCRAFT. THE PILOT CONTINUED TO HIS DESTINATION WITHOUT FURTHER INCIDENT."
UNITED AIRLINES,B-737-800,08/31/15 00:00:00,TX,SAN ANTONIO INTL,APPROACH,,,Unknown bird,1,NONE,N,,Tower,0,"UAL1468, B738, REPORTED A BIRD STRIKE WHILE LANDING AT SAT RWY 12R. NO DAMAGE REPORTED. ROC NOTIFIED."
EXPRESSJET AIRLINES,EMB-135,09/02/15 00:00:00,MS,JACKSON EVERS INTL,DEPARTURE,800,,Unknown bird,1,NONE,N,,Tower,0,ASQ4478 WAS DEPARTING RWY 16R WHEN THE A/C REPORTED A BIRD STRIKE AT 800FT. THE PILOT STATED HE DID NOT THINK HE HAD ANY DAMAGE. ASQ4478 CONTINUED ON WITH THE FLIGHT TO IAH.
DELTA AIR LINES,MD-88,09/01/15 00:00:00,MS,JACKSON EVERS INTL,LANDING ROLL,0,,Unknown bird,2-10,NONE,N,,Tower,0,DAL799 WAS ROLLING OUT ON RUNWAY 16R WHEN THE A/C HIT A FLOCK OF BIRDS ABOUT HALFWAY DOWN RUNWAY JUST BEFORE ALPHA 7. DAL799 WAS BRAKING BUT NOT YET AT TAXI SPEED AT THE TIME OF THE INCIDENT.
DELTA AIR LINES,MD-88,09/03/15 00:00:00,KS,WICHITA DWIGHT D EISENHOWER NATL ARPT,CLIMB,3000,,Unknown bird,1,NONE,N,,Tower,0,"DAL2567 DEPARTED RWY 19R AND REPORTED APPROXIMATELY 3000FT FROM THE END OF THE RUNWAY, THE AIRCRAFT STRUCK A BIRD. NO DAMAGE TO THE WINDSHIELD AREA AND THE PILOT ADVISED HE WAS CONTINUING ON TO ATL."
ENVOY AIR,CRJ700,09/01/15 00:00:00,AR,NW ARKANSAS REGIONAL,LANDING ROLL,0,,Unknown bird,1,NONE,N,,Tower,0,ENY3311 REPORTED BIRD STRIKE ON ROLLOUT.
BUSINESS,C-414,09/01/15 00:00:00,LA,"BATON ROUGE METROPOLITAN, RYAN FIELD",APPROACH,4000,,Unknown bird,1,NONE,N,,Tower,0,"N91TW REPORTED A BIRD STRIKE AT 4,000 FT 25NM EAST OF KBTR. NO DAMAGE TO AIRPLANE AND ARRIVED WITHOUT FURTHER INCIDENT."
SKYWEST AIRLINES,CRJ700,09/01/15 00:00:00,TX,GEORGE BUSH INTERCONTINENTAL/ HOUSTON ARPT,APPROACH,,,Unknown bird,1,NONE,N,,Tower,0,"Shortly after landing RWY26L, SKW5220/CRJ7 rptd a bird strike ""somewhere inside of the FAF(5 miles EAST of IAH)"". No damage or injuries were reported, airport operations were notified. "
BUSINESS,SIRRUS SR 20/22,09/01/15 00:00:00,MI,KALAMAZOO/BATTLE CREEK INTL,DEPARTURE,,,Unknown bird,1,NONE,N,,Tower,0,W58 (N923JW) reported bird strike on departure.  No damage reported.
SKYWEST AIRLINES,CRJ100/200,09/01/15 00:00:00,WA,TRI-CITIES,,,,Unknown bird - medium,1,NONE,N,,Tower,0,SKW524V STRUCK ONE MEDIUM SIZED BIRD TWELVE MILES EAST OF PSC AT 4000MSL. NO DAMAGE REPORTED. OPERATION NORMAL.
TRANS STATES AIRLINES,EMB-145,09/02/15 00:00:00,NY,LA GUARDIA ARPT,APPROACH,,,Unknown bird,1,NONE,N,,Tower,0,"LOF4137, E145 WAS INBOUND TO LGA OVER THE GEORGE WASHINGTON BRIDGE AT 040 AND REPORTED A BIRD STRIKE ON THE NOSE CONE OF THE AIRCRAFT. AFTER LANDING AT 0058Z, A VISUAL INSPECTION OF THE AIRCRAFT REVEALED NO DAMAGE."
REPUBLIC AIRLINES,EMB-170,09/02/15 00:00:00,DC,RONALD REAGAN WASHINGTON NATIONAL ARPT,APPROACH,,,Unknown bird,1,NONE,N,,Tower,0,RPA4228 HAD A BIRD STRIKE ON SHORT FINAL FOR RWY 1. AIRPORT OPS FOUND NO DEBRIS ON THE RWY. CAPTAIN RICH CATALANO (703-593-3889) REPORTED BLOOD AND FEATHERS ON THE AIRCRAFT BUT NO DAMAGE. 
REPUBLIC AIRLINES,EMB-170,09/04/15 00:00:00,SC,CHARLESTON AFB/INTL ARPT,CLIMB,,,Unknown bird,1,NONE,N,,Tower,0,RPA4561 A E170 DEPARTED RY15 AND HAD A BIRDSTRIKE ON ROTATION MIDFIELD. NO DAMAGE REPORTED.
SKYWEST AIRLINES,CRJ700,09/04/15 00:00:00,LA,LAFAYETTE REGIONAL,APPROACH,,,Unknown bird,1,NONE,N,,Tower,0,PILOT REPORTED A BIRD STRIKE TO THE GROUND CONTROLLER AFTER TAXIING TO THE GATE. NO DAMAGE REPORTED.
BUSINESS,BE-200 KING,09/04/15 00:00:00,LA,LAFAYETTE REGIONAL,DEPARTURE,,,Unknown bird,1,NONE,N,,Tower,0,N690L REPORTED A BIRD STRIKE OVER DEPARTURE END OF THE RUNWAY AND ADVISED HE WOULD CONTINUE TO HIS DESTINATION. AIRPORT OPS NOTIFIED FOR FOD CHECK.
EXPRESSJET AIRLINES,CRJ100/200,09/04/15 00:00:00,GA,HARTSFIELD - JACKSON ATLANTA INTL ARPT,APPROACH,,,Unknown bird,1,NONE,N,,Tower,0,BIRD STRIKE RWY 9R (LC4/119.3) ASQ5004 CRJ2 A/C TAXIED TO THE RAMP.
DELTA AIR LINES,MD-88,09/04/15 00:00:00,GA,HARTSFIELD - JACKSON ATLANTA INTL ARPT,APPROACH,,,Unknown bird,1,NONE,N,,Tower,0,BIRD STRIKE ON A 1/2 MILE FINAL RWY 26R (LC2 119.1) DAL1126 MD88 CVG - ATL LANDED AND TAXIED TO THE RAMP WILL CALL IF ANY DAMAGE. 
EXPRESSJET AIRLINES,CRJ100/200,09/03/15 00:00:00,GA,HARTSFIELD - JACKSON ATLANTA INTL ARPT,DEPARTURE,0,,Unknown bird,1,NONE,N,,Tower,0,"RWY 8R DEPATURE, ASQ5126, CRJ2, ATL./.MLU, REPORTED STRIKING A BIRD 2000 FT DOWN THE RWY ON TAKEOFF.  SIZE AND SPECIES UNKNOWN. DOA ADVISED. NO DAMAGE REPORTED."
DELTA AIR LINES,A-320,09/05/15 00:00:00,UT,SALT LAKE CITY INTL,APPROACH,100,,Unknown bird,1,NONE,N,,Tower,0,DAL1230 REPORTED HITTING A BIRD (TYPE UNK) AT 100' ON SHORT FINAL RWY 34R. NO DAMAGE REPORTED TO AIRCRAFT AND AIRCRAFT LANDED SAFELY ON RWY 34R.
ALASKA AIRLINES,B-737-800,09/03/15 00:00:00,UT,SALT LAKE CITY INTL,DEPARTURE,,,Unknown bird,1,NONE,N,,Tower,0,"After ASA433 departed, their ops called to report a bird strike on departure climbing through 5,000 MSL.  ASA433 elected to continue on to SEA.  The bird was thought to have struck the radome.  N508AS."
TRANS STATES AIRLINES,EMB-145,09/05/15 00:00:00,DC,WASHINGTON DULLES INTL ARPT,APPROACH,500,,Unknown bird,1,NONE,N,,Tower,0,LOF3360/E145 REPORTED A BIRD STRIKE ON APPROACH TO RUNWAY 19L.  THE PILOT STATED THAT HE MAY HAVE HIT A BIRD ON THE RIGHT MAIN LANDING GEAR AT 500 FT.  THEY LANDED AND TAXIED TO THE GATE.  THE PILOT CALLED THE TOWER AND REPORTED NO DAMAGE TO THE AIRCRAFT.
DELTA AIR LINES,A-320,09/05/15 00:00:00,GA,HARTSFIELD - JACKSON ATLANTA INTL ARPT,APPROACH,,,Unknown bird,1,NONE,N,,Tower,0,DAL74 STRUCK A BIRD ON THE PILOT'S SIDE WINDOW WHILE INBOUND RWY 9R.  THE PILOT REPORTED NO KNOWN DAMAGE.
BUSINESS,GULFSTREAM,09/06/15 00:00:00,FL,OPA-LOCKA EXECUTIVE ARPT,LANDING ROLL,0,,Unknown bird,1,NONE,N,,Tower,0,N771FF REPORTED BIRD STRIKE TO THE WINDSHIELD ON LANDING ROLL RY 9L. NO DAMAGE TO THE AIRCRAFT.
JETBLUE AIRWAYS,A-320,09/06/15 00:00:00,PR,LUIS MUNOZ MARIN INTL,APPROACH,,,Unknown bird,1,NONE,N,,Tower,0,"JBU1638 A320 REPORTED A BIRD STRIKE ON ABOUT A TWO MILE FINAL FOR RWY 10, NO DAMAGES REPORTED BY PIC. OPS2/UC INSPECTED THE RUNWAY, DEAD BIRD FOUND 1753Z."
BUSINESS,BRITISH AEROSPACE,09/06/15 00:00:00,TX,VICTORIA REGIONAL,LANDING ROLL,0,,Doves,1,NONE,N,,Tower,0,"ON LANDING VTE721, REPORTED BIRD STRIKE. FIRE DEPARTMENT REMOVED SMALL DOVE FROM RUNWAY.  VTE721 REPORTED NO DAMAGE TO AIRCRAFT. "
BUSINESS,PA-46 MALIBU,09/05/15 00:00:00,TX,MC ALLEN MILLER INTL,APPROACH,,,Unknown bird,1,NONE,N,,Tower,0,N146RF/PA46 REPORTED A BIRD STRIKE 1.5 NM FINAL RUNWAY 13. AIRCRAFT LANDED WITHOUT FURTHER INCIDENT. 
BUSINESS,GULFAERO IV,09/07/15 00:00:00,FL,PALM BEACH INTL,DEPARTURE,,,Unknown bird - small,1,NONE,N,,Tower,0,"N851CB DEPARTED RWY 32 AND REPORTED POSSIBLY HITTING SOME SPARROWS, NO ASSISTANCE REQUESTED AND CONTINUED ON THEIR FLIGHT PLAN. OPS WAS CALLED AT 1258Z AND SWEPT THE RUNWAY, THEY FOUND ONE BIRD. RWY OPEN FOR USE @ 1305Z."
BUSINESS,PA-44 SEMINOLE,09/07/15 00:00:00,AZ,PHOENIX-MESA GATEWAY,APPROACH,2000,,Unknown bird,1,NONE,N,,Tower,0,N241AT REPORTED TO LC A BIRD STRIKE ON RWY 12R APPROX 2000' FROM THE THRESHOLD. AIRCRAFT WAS AT TAXI SPEED AND HAD NO DAMAGE TO REPORT. 
AMERICAN AIRLINES,A-321,09/07/15 00:00:00,CA,SAN DIEGO INTL,APPROACH,1500,,Unknown bird,1,NONE,N,,Tower,0,"AAL517, A321, reported bird strike on left nose, 5 mile final at 1500 ft. Aircraft did not need assistance. Mo further issues or damage reported. "
BUSINESS,C-172,09/07/15 00:00:00,AL,MONTGOMERY REGIONAL ARPT,APPROACH,,,Unknown bird - small,1,NONE,N,,Tower,0,PILOT OF N173ME REPORTED A BIRD STRIKE TO HIS C172 AT 500 TO 300FT MSL ON FINAL TO RY10. HE REPORTED IT WAS A SMALL ROBIN OR SPARROW AND NO DAMAGE TO HIS AIRCRAFT. THE PILOT LANDED SAFELY.
BUSINESS,GULFSTREAM 200,09/07/15 00:00:00,,UNKNOWN,APPROACH,,,Unknown bird - small,1,NONE,N,,Tower,0,"N148MC,G200,LANDED RY09 AT 2129Z AND AFTER TAXIING TO PARKING REPORTED A BIRD STRIKE APPROXIMATELY 1000 FEET FROM THE THRESHOLD. PILOT REPORTED NO DAMAGE. PUERTO RICO PORTS AUTHORITY DID A RUNWAY SWEEP AND FOUND A SMALL BLACK BIRD."
ENDEAVOR AIR,CRJ100/200,09/06/15 00:00:00,ND,HECTOR INTERNATIONAL,APPROACH,5000,,Unknown bird,1,NONE,N,,Tower,0,FLG6141 REPORTED A BIRD STRIKE 20 MILES SE OF FAR AIRPORT DESCENDING THROUGH 5000 FT.  NO DAMAGE WAS NOTED BY THE PILOT AND NO ASSISTANCE WAS NEEDED.  FLG6141 LANDED WITHOUT INCIDENT.
PACCAIR (PRO AIRE) CARGO,C-310,09/06/15 00:00:00,IL,DUPAGE AIRPORT,APPROACH,,,Unknown bird - small,1,NONE,N,,Tower,0,WIS700 CALLED INBOUND FROM THE NORTHWEST AND REPORTED THAT HE HAD HIT A SMALL BIRD. HE REPORTED NO DAMAGE TO THE WINDSHIELD.  WIS700 WAS APPROXIMATELY 12 NW AND HIS ALTITUDE WAS 030.
BUSINESS,C-560,09/08/15 00:00:00,FL,PALM BEACH INTL,APPROACH,,,Unknown bird,1,NONE,N,,Tower,0,"N847JS encountered a bird strike over the Runway 10L approach threshold. Aircraft landed without incident, no damage reported."
AMERICAN AIRLINES,MD-80,09/08/15 00:00:00,TX,EL PASO INTL ARPT,DEPARTURE,,,Unknown bird,1,NONE,N,,Tower,0,AAL150 REPORTED A POSSIBLE BIRD STRIKE ON DEPARTURE DEPARTING RWY 4. AAL150 CONTINUED ON FLIGHT. AIRPORT OPERATIONS CONFIRMED A BIRD WAS STRUCK. AAL150 WAS NOTIFIED THROUGH ZAB  OF BIRD STRIKE NO DAMAGE REPORTED.
EXPRESSJET AIRLINES,CRJ700,09/08/15 00:00:00,IA,THE EASTERN IOWA ARPT,APPROACH,,,Unknown bird,1,NONE,N,,Tower,0,ASQ5068(N608QX)REPORTED HITTING SEVERAL BIRDS UPON ARRIVAL TO KCID. NO DAMAGE REPORTED.
SOUTHWEST AIRLINES,B-737,09/09/15 00:00:00,TX,DALLAS LOVE FIELD ARPT,APPROACH,,,Unknown bird,1,NONE,N,,Tower,0,SWA9007 WAS INBOUND FOR RWY 13R AND STRUCK A BIRD. PILOT ADVISED NO DAMAGE.
AMERICAN AIRLINES,B-737,09/09/15 00:00:00,FL,PALM BEACH INTL,LANDING ROLL,0,,Unknown bird,1,NONE,N,,Tower,0,"AAL2271(B737)LANDED RWY10L AND TAXIED TO THE GATE.  WHILE AT THE GATE, AAL2271 REPORTED A BIRD STRIKE MIDFIELD RWY10L . NO DAMAGE TO THE AIRCRAFT, AIRPORT OPS. NOTIFIED."
BUSINESS,A-320,09/09/15 00:00:00,OH,CLEVELAND-HOPKINS INTL ARPT,APPROACH,,,Unknown bird,1,NONE,N,,Tower,0,THE A320 STRUCK A BIRD ON SHORT FINAL. NO DAMAGE.
BUSINESS,BE-200 KING,09/10/15 00:00:00,TX,AUSTIN-BERGSTROM INTL,DESCENT,9500,,Unknown bird,1,NONE,N,,Tower,0,"N161RC INBOUND AUS FROM THE NORTHEAST DESCENDING REPORTED A BIRD STRIKE AT 9500', SINGLE BIRD, NO DAMAGE REPORTED."
BUSINESS,C-182 SKYLAN,09/08/15 00:00:00,AR,FORT SMITH REGIONAL ARPT,APPROACH,,,Crows,1,NONE,N,,Tower,0,NO DAMAGE TO AC. SMALL BLACK CROW HIT THE PROP. THE AC WAS 5 MILES SOUTH SOUTHEAST OF ROG AT 045 DECENDING IFR INTO VBT.
FEDEX EXPRESS,DC-10,09/08/15 00:00:00,IN,INDIANAPOLIS INTL ARPT,CLIMB,,,Unknown bird - large,1,NONE,N,,Tower,0,"FDX1283 REPORTED STRIKING A LARGE BIRD AT 055 DURING CLIMBOUT. THE PILOT REPORTED THAT THERE DID NOT APPEAR TO BE ANY ""ILL EFFECTS"" AS A RESULT OF THE STRIKE. THE FLIGHT CONTINUED ON TO MEM. THE LOCATION OF THE STRIKE WAS THE OOM036035."
DELTA AIR LINES,B-737-900,09/09/15 00:00:00,FL,JACKSONVILLE INTL,APPROACH,,,Unknown bird,1,NONE,N,,Tower,0,"DAL1273, B739/L, BIRD STRIKE, 2 MI FINAL, LANDED WITHOUT INCIDENT, NO ASSISSTANCE REQUIRED. NO DAMAGE.  UNK SPECIES."
SKYWEST AIRLINES,CRJ700,09/11/15 00:00:00,NE,EPPLEY AIRFIELD,LANDING ROLL,0,,Swallows,1,NONE,N,,Tower,0,SKW823G REPORTED SEVERAL LIVE BIRDS ON THE RUNWAY DURING ROLL OUT. SKW823G WAS UNSURE IF THE AIRCRAFT STRUCK ANY BIRDS. AIRPORT OPERATIONS WENT OUT TO DO A FOD CHECK ON THE RUNWAY AND FOUND ONE SWALLOW CARCUS. NO EFFECT ON FLIGHT OR AIRCRAFT WAS REPORTED.
UNITED AIRLINES,B-737-800,09/09/15 00:00:00,NE,EPPLEY AIRFIELD,APPROACH,300,,Unknown bird,1,NONE,N,,Tower,0,UA1451 REPORTED BIRD STRIKE ON APPROACH TO 32L AT 300 FT AGL. AIRCRAFT ROLLED OUT AND TAXIED TO THE GATE WITH NO ISSUES.
PSA AIRLINES,CRJ900,09/09/15 00:00:00,NE,EPPLEY AIRFIELD,APPROACH,,,Unknown bird,1,NONE,N,,Tower,0,JIA5248 REPORTED A BIRD STRIKE ON 1/4 MILE FINAL TO RY32L. AIRCRAFT LANDED SAFELY AND TAXIED TO GATE NO PROBLEMS.
UNITED AIRLINES,B-787-8,09/12/15 00:00:00,TX,GEORGE BUSH INTERCONTINENTAL/ HOUSTON ARPT,APPROACH,,,Unknown bird,1,NONE,N,,Tower,0,"LANDING RWY 8L, REPORTED BIRD STRIKE OVER THE RWY, NO DAMAGE REPORTED."
MESA AIRLINES,EMB-170,09/12/15 00:00:00,TX,GEORGE BUSH INTERCONTINENTAL/ HOUSTON ARPT,LANDING ROLL,0,,Unknown bird,1,NONE,N,,Tower,0,"ASH3756, E170, UPON LANDING RWY 8R ON ROLLOUT PRIOR TO EXITING LAST HIGHSPEED TAXIWAY NN, HAD A BIRD (BAT) HIT AIRPLANE. REPORTED NO DAMAGE UPON TAXIING TO B77. WILL CALL BACK IF DAMAGE TO PLANE."
BUSINESS,BE-90 KING,09/12/15 00:00:00,SC,GREENVILLE DOWNTOWN ARPT,CLIMB,,,Unknown bird,2-10,NONE,N,,Tower,0,PILOT REPORTED 2 BIRD STRIKES ON THE WINDSHIELD WITH NO DAMAGE ON RORATION. CONTINUED ON TO KMYR. 
JETBLUE AIRWAYS,A-320,09/10/15 00:00:00,CT,BRADLEY INTL,APPROACH,,,Unknown bird,1,NONE,N,,Tower,0,JBU238 landed runway 6 at approximately 0105z and reported a bird strike. Aircraft landed and taxiied to the gate without incident. Flight crew later reported no damage to the aircraft.
AMERICAN AIRLINES,A-320,09/10/15 00:00:00,AZ,PHOENIX SKY HARBOR INTL ARPT,DESCENT,5000,,Unknown bird,1,NONE,N,,Tower,0,PILOT ON A LEFT BASE OUT OF 5000' REPORTED HITTING A BIRD.  THE PILOT DIDNT REPORT IT UNTIL HE WAS ESTABLISHED ON THE RUNWAY 26 FINAL DESCENDING OUT OF 3500'.  PHX TOWER WAS NOTIFIED AND WAS GOING TO QUERY THE PILOT SOME MORE.  LANDED WOI @ 0333Z.
EMIRATES,A-380,09/12/15 00:00:00,TX,GEORGE BUSH INTERCONTINENTAL/ HOUSTON ARPT,APPROACH,,,Unknown bird,1,NONE,N,,Tower,0,UAE211 BIRDSTRIKE LANDING RUNWAY 8R NEGATIVE DAMAGE.
PSA AIRLINES,CRJ900,09/13/15 00:00:00,PA,HARRISBURG INTL,TAKE-OFF RUN,0,,Swallows,1,NONE,N,,Tower,0,JIA5361 REPORTED STRIKING ONE BIRD ON TAKEOFF ROLL. AIRPORT OPERATIONS FOUND REMAINS OF 1 SWALLOW. NO DAMAGE REPORTED.
SOUTHWEST AIRLINES,B-737,09/14/15 00:00:00,FL,TAMPA INTL,APPROACH,,,Unknown bird - small,2-10,NONE,N,,Tower,0,"SWA321 REPORTED BIRD STRIKE AFTER LANDING RY 1L. AT LEAST THREE SMALL BLACK BIRDS WERE OBSERVED OVER THE RY 1L THRESHOLD. RY 1L UNUSABLE FOR INSPECTION. RY 1L USABLE AT 1648Z. PILOT (STAN COLE, 706-889-4386) ADVISED NO KNOWN DAMAGE, NO INJURIES, WITH MAIN"
ENDEAVOR AIR,CRJ900,09/15/15 00:00:00,IA,DES MOINES INTL,CLIMB,,,Unknown bird,2-10,NONE,N,,Tower,0,"PILOT REPORTED BIRD STRIKE AFTER ROTATION.  ARPT OPS NTFD, SUBSEQUENTLY FOUND TWO BIRD REMAINS ON RUNWAY.  PILOT DIDN'T REPORT DAMAGE, WILL CALL BACK IF DAMAGE IS OBSERVED AFTER LANDING."
BUSINESS,GULFSTREAM G150,09/15/15 00:00:00,NE,LINCOLN ARPT,APPROACH,,,Unknown bird,1,NONE,N,,Tower,0,"N639SF WAS CLEARED TO LAND RWY 17, AFTER LANDING N9SF REPORTED HE MAY HIT A BIRD OFF HIS NOSE UPON LANDING. AFTER INSPECTION OF HIS AIRCRAFT N9SF CONFIRMED THE STRIKE ON NOSE."
HORIZON AIR,DHC8 DASH 8,09/15/15 00:00:00,CA,CHARLES M. SCHULZ-SONOMA COUNTY ARPT,LANDING ROLL,0,,Unknown bird,1,NONE,N,,Tower,0,Horizon pilot advised while exiting Rwy14 that they struck a bird 1/3 down the rwy. 
SOUTHWEST AIRLINES,B-737-300,09/14/15 00:00:00,TX,VALLEY INTL,DEPARTURE,,,Unknown bird,1,NONE,N,,Tower,0,A/C REPORTED BIRDSTRIKE ON DEPT FROM RWY 13.  NO DAMAGE REPORTED
EXPRESSJET AIRLINES,CRJ100/200,09/16/15 00:00:00,TN,TRI-CITIES REGIONAL TN/VA ARPT,LANDING ROLL,0,,Unknown bird,1,NONE,N,,Tower,0,"ASQ5171 REPORTED A BIRD STRIKE ON ROLLOUT RWY 23 AT TRI. AIRCRAFT CONTINUED TO THE RAMP, NO DAMAGE REPORTED."
BUSINESS,MU2,09/16/15 00:00:00,TN,SMYRNA ARPT,,2000,,Unknown bird,1,NONE,N,,Tower,0,N338CM reported a bird stike 3 mile northeast of the airfield at 2000 feet.  He stated it was a single bird and had no damage to the aircraft.
BUSINESS,DA-20 FALCON,09/17/15 00:00:00,NM,SANTA FE MUNICIPAL,DEPARTURE,,,Unknown bird,2-10,NONE,N,,Tower,0,N438SJ REPORTED STRIKING TWO BIRDS WHILE DEPARTING RUNWAY 2. THE PILOT DID NOT REPORT ANY DAMAGE TO THE AIRCRAFT.
UNITED AIRLINES,B-737,09/15/15 00:00:00,AZ,PHOENIX SKY HARBOR INTL ARPT,APPROACH,,,Unknown bird,1,NONE,N,,Tower,0,"BIRD STRIKE, UAL1976, B737, SHORT FINAL FOR RWY 26. BIRD STRUCK JUST BELOW THE RIGHT SIDE WINDSHIELD. NO INJURIES, UNKNOWN DAMAGE. ACN."
UNITED AIRLINES,B-737-900,09/17/15 00:00:00,TX,GEORGE BUSH INTERCONTINENTAL/ HOUSTON ARPT,APPROACH,2200,,Unknown bird,1,NONE,N,,Tower,0,"A/C REPORTED STRIKING A HAWK AT 2,200, 6 MILES WEST OF THE AIRPORT.  A/C WAS ADIVSED OF THE BIRD ACTIVITY WHILE ON DOWNWIND, FINAL AND INITIAL CONTACT WITH THE TOWER.  PILOT INSPECTED THE AREA OF IMPACT AND DETERMINED THEIR WAS NO DAMAGE."
BUSINESS,B-767,09/17/15 00:00:00,FL,MIAMI INTL,,100,,Unknown bird,1,NONE,N,,Tower,0,"BIRD STRIKE, LAE1800 B767, RY 12, 100', NO DAMAGE, RAMP 1 NOTIFIED. "
JETBLUE AIRWAYS,A-320,09/18/15 00:00:00,FL,FORT LAUDERDALE/HOLLYWOOD INTL,DEPARTURE,,,Unknown bird,1,NONE,N,,Tower,0,JBU577 DEPARTED THE PILOT CALLED BACK TO REPORT STRIKING A BIRD ON THE LANDING GEAR. NO DAMAGE LANDED AT DESTINATION NO PROBLEMS. 
AMERICAN AIRLINES,A-319,09/18/15 00:00:00,FL,PALM BEACH INTL,LANDING ROLL,0,,Unknown bird - small,1,NONE,N,,Tower,0,AAL1958 reported a bird strike during its flare-out over RWY 28R. Pilot stated the bird appeared to be a Starling. No damage reported.
DELTA AIR LINES,MD-88,09/17/15 00:00:00,AR,NW ARKANSAS REGIONAL,APPROACH,,,Unknown bird,1,NONE,N,,Tower,0,"DAL2608 REPORTED A BRID STRIKE AT 3 DME LANDING RUNWAY 35, LANDED WITHOUT INCIDENT AND TAXIED TO THE GATE.  CREW CALLED TOWER AND REPORTED NO DAMAGE."
DELTA AIR LINES,B-717-200,09/19/15 00:00:00,MO,KANSAS CITY INTL,APPROACH,,,Unknown bird,2-10,NONE,N,,Tower,0,DAL1997 REPORTED HITTING BIRDS ON SHORT FINAL FOR RY 01L.  NO DAMAGE REPORTED.